Horse_4_Trn Stats,Horse_4_Jky Stats,Horse_4_MR Last 3 Runs Speed Rating,Horse_4_LTO Speed Rating,Horse_4_Today's Course PRB,Horse_4_PRC Average,Horse_4_PRC Last Run,Horse_4_PRC 2nd Last Run,Horse_4_PRC 3rd Last Run,Horse_4_Pace Rating,Horse_4_Weight (pounds),Horse_4_Age,Horse_4_DSLR,Horse_4_Draw,Horse_4_Draw IV,Horse_4_LOG DTW+,Draw,Horse_2_Trn Stats,Horse_2_Jky Stats,Horse_2_MR Last 3 Runs Speed Rating,Horse_2_LTO Speed Rating,Horse_2_Today's Course PRB,Horse_2_PRC Average,Horse_2_PRC Last Run,Horse_2_PRC 2nd Last Run,Horse_2_PRC 3rd Last Run,Horse_2_Pace Rating,Horse_2_Weight (pounds),Horse_2_Age,Horse_2_DSLR,Horse_2_Draw,Horse_2_Draw IV,Horse_2_LOG DTW+,Horse_6_Trn Stats,Horse_6_Jky Stats,Horse_6_MR Last 3 Runs Speed Rating,Horse_6_LTO Speed Rating,Horse_6_Today's Course PRB,Horse_6_PRC Average,Horse_6_PRC Last Run,Horse_6_PRC 2nd Last Run,Horse_6_PRC 3rd Last Run,Horse_6_Pace Rating,Horse_6_Weight (pounds),Horse_6_Age,Horse_6_DSLR,Horse_6_Draw,Horse_6_Draw IV,Horse_6_LOG DTW+,Horse_5_Trn Stats,Horse_5_Jky Stats,Horse_5_MR Last 3 Runs Speed Rating,Horse_5_LTO Speed Rating,Horse_5_Today's Course PRB,Horse_5_PRC Average,Horse_5_PRC Last Run,Horse_5_PRC 2nd Last Run,Horse_5_PRC 3rd Last Run,Horse_5_Pace Rating,Horse_5_Weight (pounds),Horse_5_Age,Horse_5_DSLR,Horse_5_Draw,Horse_5_Draw IV,Horse_5_LOG DTW+,Horse_1_Trn Stats,Horse_1_Jky Stats,Horse_1_MR Last 3 Runs Speed Rating,Horse_1_LTO Speed Rating,Horse_1_Today's Course PRB,Horse_1_PRC Average,Horse_1_PRC Last Run,Horse_1_PRC 2nd Last Run,Horse_1_PRC 3rd Last Run,Horse_1_Pace Rating,Horse_1_Weight (pounds),Horse_1_Age,Horse_1_DSLR,Horse_1_Draw,Horse_1_Draw IV,Horse_1_LOG DTW+,Horse_3_Trn Stats,Horse_3_Jky Stats,Horse_3_MR Last 3 Runs Speed Rating,Horse_3_LTO Speed Rating,Horse_3_Today's Course PRB,Horse_3_PRC Average,Horse_3_PRC Last Run,Horse_3_PRC 2nd Last Run,Horse_3_PRC 3rd Last Run,Horse_3_Pace Rating,Horse_3_Weight (pounds),Horse_3_Age,Horse_3_DSLR,Horse_3_Draw,Horse_3_Draw IV,Horse_3_LOG DTW+,Horse_7_Trn Stats,Horse_7_Jky Stats,Horse_7_MR Last 3 Runs Speed Rating,Horse_7_LTO Speed Rating,Horse_7_Today's Course PRB,Horse_7_PRC Average,Horse_7_PRC Last Run,Horse_7_PRC 2nd Last Run,Horse_7_PRC 3rd Last Run,Horse_7_Pace Rating,Horse_7_Weight (pounds),Horse_7_Age,Horse_7_DSLR,Horse_7_Draw,Horse_7_Draw IV,Horse_7_LOG DTW+,Horse_8_Trn Stats,Horse_8_Jky Stats,Horse_8_MR Last 3 Runs Speed Rating,Horse_8_LTO Speed Rating,Horse_8_Today's Course PRB,Horse_8_PRC Average,Horse_8_PRC Last Run,Horse_8_PRC 2nd Last Run,Horse_8_PRC 3rd Last Run,Horse_8_Pace Rating,Horse_8_Weight (pounds),Horse_8_Age,Horse_8_DSLR,Horse_8_Draw,Horse_8_Draw IV,Horse_8_LOG DTW+,Horse_9_Trn Stats,Horse_9_Jky Stats,Horse_9_MR Last 3 Runs Speed Rating,Horse_9_LTO Speed Rating,Horse_9_Today's Course PRB,Horse_9_PRC Average,Horse_9_PRC Last Run,Horse_9_PRC 2nd Last Run,Horse_9_PRC 3rd Last Run,Horse_9_Pace Rating,Horse_9_Weight (pounds),Horse_9_Age,Horse_9_DSLR,Horse_9_Draw,Horse_9_Draw IV,Horse_9_LOG DTW+,Horse_10_Trn Stats,Horse_10_Jky Stats,Horse_10_MR Last 3 Runs Speed Rating,Horse_10_LTO Speed Rating,Horse_10_Today's Course PRB,Horse_10_PRC Average,Horse_10_PRC Last Run,Horse_10_PRC 2nd Last Run,Horse_10_PRC 3rd Last Run,Horse_10_Pace Rating,Horse_10_Weight (pounds),Horse_10_Age,Horse_10_DSLR,Horse_10_Draw,Horse_10_Draw IV,Horse_10_LOG DTW+,Horse_11_Trn Stats,Horse_11_Jky Stats,Horse_11_MR Last 3 Runs Speed Rating,Horse_11_LTO Speed Rating,Horse_11_Today's Course PRB,Horse_11_PRC Average,Horse_11_PRC Last Run,Horse_11_PRC 2nd Last Run,Horse_11_PRC 3rd Last Run,Horse_11_Pace Rating,Horse_11_Weight (pounds),Horse_11_Age,Horse_11_DSLR,Horse_11_Draw,Horse_11_Draw IV,Horse_11_LOG DTW+,Horse_12_Trn Stats,Horse_12_Jky Stats,Horse_12_MR Last 3 Runs Speed Rating,Horse_12_LTO Speed Rating,Horse_12_Today's Course PRB,Horse_12_PRC Average,Horse_12_PRC Last Run,Horse_12_PRC 2nd Last Run,Horse_12_PRC 3rd Last Run,Horse_12_Pace Rating,Horse_12_Weight (pounds),Horse_12_Age,Horse_12_DSLR,Horse_12_Draw,Horse_12_Draw IV,Horse_12_LOG DTW+,Horse_13_Trn Stats,Horse_13_Jky Stats,Horse_13_MR Last 3 Runs Speed Rating,Horse_13_LTO Speed Rating,Horse_13_Today's Course PRB,Horse_13_PRC Average,Horse_13_PRC Last Run,Horse_13_PRC 2nd Last Run,Horse_13_PRC 3rd Last Run,Horse_13_Pace Rating,Horse_13_Weight (pounds),Horse_13_Age,Horse_13_DSLR,Horse_13_Draw,Horse_13_Draw IV,Horse_13_LOG DTW+,Horse_14_Trn Stats,Horse_14_Jky Stats,Horse_14_MR Last 3 Runs Speed Rating,Horse_14_LTO Speed Rating,Horse_14_Today's Course PRB,Horse_14_PRC Average,Horse_14_PRC Last Run,Horse_14_PRC 2nd Last Run,Horse_14_PRC 3rd Last Run,Horse_14_Pace Rating,Horse_14_Weight (pounds),Horse_14_Age,Horse_14_DSLR,Horse_14_Draw,Horse_14_Draw IV,Horse_14_LOG DTW+,Horse_15_Trn Stats,Horse_15_Jky Stats,Horse_15_MR Last 3 Runs Speed Rating,Horse_15_LTO Speed Rating,Horse_15_Today's Course PRB,Horse_15_PRC Average,Horse_15_PRC Last Run,Horse_15_PRC 2nd Last Run,Horse_15_PRC 3rd Last Run,Horse_15_Pace Rating,Horse_15_Weight (pounds),Horse_15_Age,Horse_15_DSLR,Horse_15_Draw,Horse_15_Draw IV,Horse_15_LOG DTW+,Horse_16_Trn Stats,Horse_16_Jky Stats,Horse_16_MR Last 3 Runs Speed Rating,Horse_16_LTO Speed Rating,Horse_16_Today's Course PRB,Horse_16_PRC Average,Horse_16_PRC Last Run,Horse_16_PRC 2nd Last Run,Horse_16_PRC 3rd Last Run,Horse_16_Pace Rating,Horse_16_Weight (pounds),Horse_16_Age,Horse_16_DSLR,Horse_16_Draw,Horse_16_Draw IV,Horse_16_LOG DTW+,Horse_17_Trn Stats,Horse_17_Jky Stats,Horse_17_MR Last 3 Runs Speed Rating,Horse_17_LTO Speed Rating,Horse_17_Today's Course PRB,Horse_17_PRC Average,Horse_17_PRC Last Run,Horse_17_PRC 2nd Last Run,Horse_17_PRC 3rd Last Run,Horse_17_Pace Rating,Horse_17_Weight (pounds),Horse_17_Age,Horse_17_DSLR,Horse_17_Draw,Horse_17_Draw IV,Horse_17_LOG DTW+,Horse_18_Trn Stats,Horse_18_Jky Stats,Horse_18_MR Last 3 Runs Speed Rating,Horse_18_LTO Speed Rating,Horse_18_Today's Course PRB,Horse_18_PRC Average,Horse_18_PRC Last Run,Horse_18_PRC 2nd Last Run,Horse_18_PRC 3rd Last Run,Horse_18_Pace Rating,Horse_18_Weight (pounds),Horse_18_Age,Horse_18_DSLR,Horse_18_Draw,Horse_18_Draw IV,Horse_18_LOG DTW+,Horse_19_Trn Stats,Horse_19_Jky Stats,Horse_19_MR Last 3 Runs Speed Rating,Horse_19_LTO Speed Rating,Horse_19_Today's Course PRB,Horse_19_PRC Average,Horse_19_PRC Last Run,Horse_19_PRC 2nd Last Run,Horse_19_PRC 3rd Last Run,Horse_19_Pace Rating,Horse_19_Weight (pounds),Horse_19_Age,Horse_19_DSLR,Horse_19_Draw,Horse_19_Draw IV,Horse_19_LOG DTW+,Horse_20_Trn Stats,Horse_20_Jky Stats,Horse_20_MR Last 3 Runs Speed Rating,Horse_20_LTO Speed Rating,Horse_20_Today's Course PRB,Horse_20_PRC Average,Horse_20_PRC Last Run,Horse_20_PRC 2nd Last Run,Horse_20_PRC 3rd Last Run,Horse_20_Pace Rating,Horse_20_Weight (pounds),Horse_20_Age,Horse_20_DSLR,Horse_20_Draw,Horse_20_Draw IV,Horse_20_LOG DTW+,Race_Level_Race Time,Race_Level_Distance (y),Race_Level_Race Type,Race_Level_Runners,Race_Level_Class,Race_Level_Going,Race_Level_Course_Chelmsford City,Race_Level_Course_Kempton,Race_Level_Course_Lingfield,Race_Level_Course_Newcastle,Race_Level_Course_Southwell,Race_Level_Course_Wolverhampton,Race_Level_PPI,Race_Level_HCP
0.6849,0.7089,0.2674,0.2674,0.42,0.3571,0.2755,0.398,0.398,0.6667,0.5179,0.25,0.0041,1,0.105,,-1,0.8493,0.7975,0.686,0.686,0.72,0.7857,0.6531,0.7755,0.9388,0.0,0.5357,0.25,0.0016,2,0.1312,,0.8356,0.8734,0.6047,0.6047,-1.0,0.4082,0.2143,0.5204,0.4898,0.3333,0.375,0.1667,0.0027,3,0.1212,,0.8082,0.7975,0.7093,0.7442,-1.0,0.7959,0.8061,0.9184,0.6531,0.3333,0.5357,0.1667,0.0059,4,0.1275,,0.6986,0.7975,0.6395,0.5349,0.69,0.5408,0.2755,0.4898,0.8571,0.0,0.5536,0.3333,0.0048,5,0.1588,,0.9041,0.8481,0.6047,0.6628,0.47,0.3163,0.3367,0.3469,0.2755,0.1667,0.5536,0.25,0.005,6,0.1638,,0.9041,0.8608,0.6395,0.6047,0.59,0.5612,0.6531,0.5204,0.5,0.3333,0.4286,0.1667,0.0029,7,0.1375,,-1.0,-1.0,-1.0,-1.0,-1.0,-1.0,-1.0,-1.0,-1.0,-1.0,-1.0,-1.0,-1.0,-1,-1.0,-1.0,-1.0,-1.0,-1.0,-1.0,-1.0,-1.0,-1.0,-1.0,-1.0,-1.0,-1.0,-1.0,-1.0,-1,-1.0,-1.0,-1.0,-1.0,-1.0,-1.0,-1.0,-1.0,-1.0,-1.0,-1.0,-1.0,-1.0,-1.0,-1.0,-1,-1.0,-1.0,-1.0,-1.0,-1.0,-1.0,-1.0,-1.0,-1.0,-1.0,-1.0,-1.0,-1.0,-1.0,-1.0,-1,-1.0,-1.0,-1.0,-1.0,-1.0,-1.0,-1.0,-1.0,-1.0,-1.0,-1.0,-1.0,-1.0,-1.0,-1.0,-1,-1.0,-1.0,-1.0,-1.0,-1.0,-1.0,-1.0,-1.0,-1.0,-1.0,-1.0,-1.0,-1.0,-1.0,-1.0,-1,-1.0,-1.0,-1.0,-1.0,-1.0,-1.0,-1.0,-1.0,-1.0,-1.0,-1.0,-1.0,-1.0,-1.0,-1.0,-1,-1.0,-1.0,-1.0,-1.0,-1.0,-1.0,-1.0,-1.0,-1.0,-1.0,-1.0,-1.0,-1.0,-1.0,-1.0,-1,-1.0,-1.0,-1.0,-1.0,-1.0,-1.0,-1.0,-1.0,-1.0,-1.0,-1.0,-1.0,-1.0,-1.0,-1.0,-1,-1.0,-1.0,-1.0,-1.0,-1.0,-1.0,-1.0,-1.0,-1.0,-1.0,-1.0,-1.0,-1.0,-1.0,-1.0,-1,-1.0,-1.0,-1.0,-1.0,-1.0,-1.0,-1.0,-1.0,-1.0,-1.0,-1.0,-1.0,-1.0,-1.0,-1.0,-1,-1.0,-1.0,-1.0,-1.0,-1.0,-1.0,-1.0,-1.0,-1.0,-1.0,-1.0,-1.0,-1.0,-1.0,-1.0,-1,-1.0,-1.0,-1.0,-1.0,-1.0,-1.0,-1.0,-1.0,-1.0,-1.0,-1.0,-1.0,-1.0,-1.0,-1.0,-1,-1.0,-1.0,07/01/2025 16:30:00,0.3888,0,7,0.6667,0.5,0,0,0,0,0,1,0.3143,1
0.6027,0.7722,0.6047,0.6047,0.33,0.398,0.398,0.3878,0.398,0.0,0.4643,0.1667,0.0029,3,0.1212,,-1,0.5205,0.4684,0.6163,0.6163,-1.0,0.6122,0.3571,0.8571,0.6122,0.1667,0.4286,0.1667,0.0031,4,0.1275,,0.4932,0.7089,0.6977,0.7326,0.6,0.6224,0.8571,0.1327,0.8776,0.3333,0.5,0.3333,0.0038,8,0.14,,0.6301,0.6709,0.686,0.7674,0.51,0.7041,0.9388,0.4898,0.6939,0.1667,0.4464,0.3333,0.0029,6,0.1638,,0.6986,0.5443,0.6395,0.6395,0.55,0.4898,0.6122,0.2143,0.6531,0.1667,0.4821,0.1667,0.0029,11,0.105,,0.9178,0.8354,0.7209,0.6512,0.71,0.9082,0.9184,0.8571,0.949,0.3333,0.4821,0.25,0.0018,7,0.1375,,0.3836,0.5823,0.5465,0.5,0.0,0.3061,0.1327,0.2041,0.5816,0.3333,0.4821,0.1667,0.0031,9,0.115,,0.6164,0.8987,0.6395,0.7093,0.72,0.4286,0.6122,0.1327,0.5408,0.1667,0.4464,0.1667,0.0038,10,0.0912,,0.9726,0.6709,0.6512,0.6512,0.35,0.4184,0.2245,0.2857,0.7551,0.1667,0.4107,0.5833,0.0192,5,0.1588,,0.6164,0.557,0.4651,0.4302,0.11,0.3265,0.3469,0.3469,0.2755,0.6667,0.3571,0.3333,0.005,2,0.1312,,0.4932,0.7342,0.686,0.6977,0.58,0.5204,0.5816,0.4286,0.5408,0.0,0.4286,0.25,0.0032,1,0.105,,0.6986,0.4177,0.593,0.6395,0.07,0.3265,0.5408,0.2041,0.2449,0.1667,0.4286,0.1667,0.0045,12,0.1075,,-1.0,-1.0,-1.0,-1.0,-1.0,-1.0,-1.0,-1.0,-1.0,-1.0,-1.0,-1.0,-1.0,-1,-1.0,-1.0,-1.0,-1.0,-1.0,-1.0,-1.0,-1.0,-1.0,-1.0,-1.0,-1.0,-1.0,-1.0,-1.0,-1,-1.0,-1.0,-1.0,-1.0,-1.0,-1.0,-1.0,-1.0,-1.0,-1.0,-1.0,-1.0,-1.0,-1.0,-1.0,-1,-1.0,-1.0,-1.0,-1.0,-1.0,-1.0,-1.0,-1.0,-1.0,-1.0,-1.0,-1.0,-1.0,-1.0,-1.0,-1,-1.0,-1.0,-1.0,-1.0,-1.0,-1.0,-1.0,-1.0,-1.0,-1.0,-1.0,-1.0,-1.0,-1.0,-1.0,-1,-1.0,-1.0,-1.0,-1.0,-1.0,-1.0,-1.0,-1.0,-1.0,-1.0,-1.0,-1.0,-1.0,-1.0,-1.0,-1,-1.0,-1.0,-1.0,-1.0,-1.0,-1.0,-1.0,-1.0,-1.0,-1.0,-1.0,-1.0,-1.0,-1.0,-1.0,-1,-1.0,-1.0,-1.0,-1.0,-1.0,-1.0,-1.0,-1.0,-1.0,-1.0,-1.0,-1.0,-1.0,-1.0,-1.0,-1,-1.0,-1.0,07/01/2025 17:00:00,0.3174,0,12,0.8333,0.5,0,0,0,0,0,1,0.2667,1
0.6438,0.5949,0.7209,0.7326,0.73,0.6531,0.5204,0.8163,0.6122,0.1667,0.375,0.3333,0.0011,8,0.13,,-1,0.5342,0.7468,0.7093,0.7442,0.85,0.6327,0.7143,0.5408,0.6327,0.1667,0.5,0.5,0.0063,1,0.1112,,0.7671,0.7089,0.814,0.8488,0.78,0.8673,0.9184,0.8163,0.8776,0.0,0.5,0.5,0.0034,6,0.1438,,0.7397,0.7975,0.7326,0.7326,0.92,0.8265,0.7143,0.8061,0.949,0.0,0.5179,0.25,0.0034,7,0.135,,0.9041,0.5823,0.593,0.6279,-1.0,0.4388,0.4592,0.4082,0.0,0.3333,0.2857,0.1667,0.0016,3,0.1388,,0.7945,0.8987,0.6744,0.7442,0.75,0.6939,0.8673,0.6837,0.5408,0.5,0.4107,0.25,0.0041,9,0.105,,0.6712,0.9241,0.7442,0.7442,0.71,0.7653,0.8469,0.6429,0.7959,0.5,0.3929,0.3333,0.0027,2,0.1512,,0.6438,0.6076,0.6744,0.6628,0.71,0.6837,0.5816,0.5306,0.9388,0.1667,0.4286,0.25,0.0018,5,0.1475,,0.863,0.8861,0.7442,0.7674,0.2,0.8367,0.7143,0.8776,0.9082,0.3333,0.4821,0.3333,0.0217,4,0.14,,-1.0,-1.0,-1.0,-1.0,-1.0,-1.0,-1.0,-1.0,-1.0,-1.0,-1.0,-1.0,-1.0,-1,-1.0,-1.0,-1.0,-1.0,-1.0,-1.0,-1.0,-1.0,-1.0,-1.0,-1.0,-1.0,-1.0,-1.0,-1.0,-1,-1.0,-1.0,-1.0,-1.0,-1.0,-1.0,-1.0,-1.0,-1.0,-1.0,-1.0,-1.0,-1.0,-1.0,-1.0,-1,-1.0,-1.0,-1.0,-1.0,-1.0,-1.0,-1.0,-1.0,-1.0,-1.0,-1.0,-1.0,-1.0,-1.0,-1.0,-1,-1.0,-1.0,-1.0,-1.0,-1.0,-1.0,-1.0,-1.0,-1.0,-1.0,-1.0,-1.0,-1.0,-1.0,-1.0,-1,-1.0,-1.0,-1.0,-1.0,-1.0,-1.0,-1.0,-1.0,-1.0,-1.0,-1.0,-1.0,-1.0,-1.0,-1.0,-1,-1.0,-1.0,-1.0,-1.0,-1.0,-1.0,-1.0,-1.0,-1.0,-1.0,-1.0,-1.0,-1.0,-1.0,-1.0,-1,-1.0,-1.0,-1.0,-1.0,-1.0,-1.0,-1.0,-1.0,-1.0,-1.0,-1.0,-1.0,-1.0,-1.0,-1.0,-1,-1.0,-1.0,-1.0,-1.0,-1.0,-1.0,-1.0,-1.0,-1.0,-1.0,-1.0,-1.0,-1.0,-1.0,-1.0,-1,-1.0,-1.0,-1.0,-1.0,-1.0,-1.0,-1.0,-1.0,-1.0,-1.0,-1.0,-1.0,-1.0,-1.0,-1.0,-1,-1.0,-1.0,-1.0,-1.0,-1.0,-1.0,-1.0,-1.0,-1.0,-1.0,-1.0,-1.0,-1.0,-1.0,-1.0,-1,-1.0,-1.0,07/01/2025 19:00:00,0.0966,0,9,0.5,0.5,0,0,0,0,0,1,0.2889,1
0.6712,0.8861,0.6744,0.6395,0.47,0.6837,0.8469,0.4388,0.7551,0.6667,0.4821,0.3333,0.0029,2,0.0888,,-1,0.7397,0.6835,0.7093,0.6628,0.6,0.6531,0.8571,0.7245,0.3776,0.3333,0.5536,0.3333,0.0018,9,0.1162,,0.7945,0.5949,0.6395,0.6395,0.31,0.4082,0.551,0.4082,0.2755,0.1667,0.5179,0.4167,0.0032,7,0.1612,,0.863,0.7975,0.6512,0.6395,0.72,0.898,0.9286,0.898,0.8571,0.1667,0.4464,0.1667,0.0029,3,0.1175,,0.6438,0.5949,0.6279,0.6279,0.45,0.5306,0.3571,0.5408,0.6837,0.6667,0.5893,0.25,0.0018,5,0.0888,,0.8082,0.7595,0.6395,0.7558,0.76,0.6735,0.8367,0.551,0.6429,0.1667,0.5179,0.4167,0.0452,4,0.2062,,0.7808,0.9367,0.686,0.686,0.61,0.5714,0.4592,0.7245,0.5306,0.8333,0.5,0.3333,0.0059,6,0.1988,,0.6712,0.7342,0.6279,0.7209,-1.0,0.5918,0.551,0.5204,0.6939,0.1667,0.4464,0.1667,0.0061,8,0.1175,,0.6575,0.7975,0.6279,0.6279,-1.0,0.602,0.5408,0.6122,0.6531,0.1667,0.4107,0.1667,0.0109,1,0.0738,,-1.0,-1.0,-1.0,-1.0,-1.0,-1.0,-1.0,-1.0,-1.0,-1.0,-1.0,-1.0,-1.0,-1,-1.0,-1.0,-1.0,-1.0,-1.0,-1.0,-1.0,-1.0,-1.0,-1.0,-1.0,-1.0,-1.0,-1.0,-1.0,-1,-1.0,-1.0,-1.0,-1.0,-1.0,-1.0,-1.0,-1.0,-1.0,-1.0,-1.0,-1.0,-1.0,-1.0,-1.0,-1,-1.0,-1.0,-1.0,-1.0,-1.0,-1.0,-1.0,-1.0,-1.0,-1.0,-1.0,-1.0,-1.0,-1.0,-1.0,-1,-1.0,-1.0,-1.0,-1.0,-1.0,-1.0,-1.0,-1.0,-1.0,-1.0,-1.0,-1.0,-1.0,-1.0,-1.0,-1,-1.0,-1.0,-1.0,-1.0,-1.0,-1.0,-1.0,-1.0,-1.0,-1.0,-1.0,-1.0,-1.0,-1.0,-1.0,-1,-1.0,-1.0,-1.0,-1.0,-1.0,-1.0,-1.0,-1.0,-1.0,-1.0,-1.0,-1.0,-1.0,-1.0,-1.0,-1,-1.0,-1.0,-1.0,-1.0,-1.0,-1.0,-1.0,-1.0,-1.0,-1.0,-1.0,-1.0,-1.0,-1.0,-1.0,-1,-1.0,-1.0,-1.0,-1.0,-1.0,-1.0,-1.0,-1.0,-1.0,-1.0,-1.0,-1.0,-1.0,-1.0,-1.0,-1,-1.0,-1.0,-1.0,-1.0,-1.0,-1.0,-1.0,-1.0,-1.0,-1.0,-1.0,-1.0,-1.0,-1.0,-1.0,-1,-1.0,-1.0,-1.0,-1.0,-1.0,-1.0,-1.0,-1.0,-1.0,-1.0,-1.0,-1.0,-1.0,-1.0,-1.0,-1,-1.0,-1.0,07/01/2025 19:30:00,0.7797,0,9,0.6667,0.5,0,0,0,0,0,1,0.4444,1
0.9041,0.7468,0.6977,0.7326,0.7,0.6735,0.9388,0.7959,0.2857,0.5,0.4464,0.3333,0.0038,8,0.1275,,-1,0.7945,0.5823,0.5814,0.5814,0.18,0.3469,0.2959,0.2245,0.5204,0.5,0.5,0.1667,0.0031,4,0.1275,,0.4384,0.6329,0.6628,0.8023,0.52,0.7245,0.7959,0.602,0.7755,0.3333,0.4107,0.1667,0.002,7,0.1238,,0.6438,0.8987,0.7791,0.7907,0.65,0.602,0.7245,0.6122,0.4592,0.1667,0.4464,0.3333,0.002,6,0.1562,,0.4521,0.7089,0.5698,0.5814,0.15,0.2245,0.3061,0.1327,0.2347,0.5,0.3929,0.1667,0.0038,11,0.1088,,0.589,0.7722,0.6512,0.5698,0.41,0.449,0.1327,0.4286,0.7959,0.3333,0.5,0.1667,0.005,10,0.1,,0.5616,0.6962,0.5116,0.7442,0.21,0.2347,0.4286,0.1327,0.1327,0.1667,0.3393,0.25,0.002,1,0.1338,,0.7397,0.6582,0.6395,0.6047,-1.0,0.4694,0.4694,0.5408,0.3878,0.5,0.3393,0.25,0.0097,5,0.13,,0.863,0.6582,0.6512,0.686,0.0,0.3776,0.6531,0.3571,0.1327,0.3333,0.4643,0.1667,0.0032,2,0.1188,,0.7671,0.519,0.5349,0.5349,0.64,0.3469,0.398,0.5,0.1327,0.3333,0.3393,0.4167,0.0124,9,0.105,,0.6027,0.7089,0.6744,0.6977,0.09,0.4592,0.5816,0.5816,0.2041,0.3333,0.3571,0.1667,0.0124,3,0.155,,-1.0,-1.0,-1.0,-1.0,-1.0,-1.0,-1.0,-1.0,-1.0,-1.0,-1.0,-1.0,-1.0,-1,-1.0,-1.0,-1.0,-1.0,-1.0,-1.0,-1.0,-1.0,-1.0,-1.0,-1.0,-1.0,-1.0,-1.0,-1.0,-1,-1.0,-1.0,-1.0,-1.0,-1.0,-1.0,-1.0,-1.0,-1.0,-1.0,-1.0,-1.0,-1.0,-1.0,-1.0,-1,-1.0,-1.0,-1.0,-1.0,-1.0,-1.0,-1.0,-1.0,-1.0,-1.0,-1.0,-1.0,-1.0,-1.0,-1.0,-1,-1.0,-1.0,-1.0,-1.0,-1.0,-1.0,-1.0,-1.0,-1.0,-1.0,-1.0,-1.0,-1.0,-1.0,-1.0,-1,-1.0,-1.0,-1.0,-1.0,-1.0,-1.0,-1.0,-1.0,-1.0,-1.0,-1.0,-1.0,-1.0,-1.0,-1.0,-1,-1.0,-1.0,-1.0,-1.0,-1.0,-1.0,-1.0,-1.0,-1.0,-1.0,-1.0,-1.0,-1.0,-1.0,-1.0,-1,-1.0,-1.0,-1.0,-1.0,-1.0,-1.0,-1.0,-1.0,-1.0,-1.0,-1.0,-1.0,-1.0,-1.0,-1.0,-1,-1.0,-1.0,-1.0,-1.0,-1.0,-1.0,-1.0,-1.0,-1.0,-1.0,-1.0,-1.0,-1.0,-1.0,-1.0,-1,-1.0,-1.0,07/01/2025 20:00:00,0.1893,0,11,0.8333,0.5,0,0,0,0,0,1,0.4364,1
0.4384,0.6329,0.686,0.5116,0.35,0.4796,0.2755,0.4592,0.6939,0.5,0.4464,0.1667,0.0041,7,0.1238,,-1,0.8767,0.519,0.6628,0.5814,0.68,0.6224,0.5408,0.4898,0.8469,0.0,0.3393,0.75,0.0594,5,0.13,,0.7808,0.9873,0.7558,0.8023,0.91,0.7245,0.8776,0.8265,0.4796,0.5,0.3571,0.1667,0.002,8,0.1275,,0.6301,0.519,0.6977,0.6977,0.41,0.5,0.4592,0.3776,0.6531,0.3333,0.4286,0.3333,0.0038,9,0.105,,0.7671,0.7468,0.4186,0.4186,0.34,0.3265,0.1327,0.3061,0.5306,0.1667,0.3393,0.25,0.0004,11,0.1088,,0.6849,0.8228,0.6977,0.6977,0.62,0.5306,0.3776,0.6224,0.5816,0.6667,0.4821,0.25,0.0038,3,0.155,,0.5753,0.4304,0.6744,0.6744,0.64,0.7143,0.5,0.8571,0.7959,0.0,0.4107,0.25,0.0016,10,0.1,,0.7671,0.8228,0.6512,0.5233,0.54,0.4592,0.4592,0.5816,0.3367,0.0,0.3393,0.1667,0.0057,1,0.1338,,0.5479,0.6962,0.6163,0.3488,0.88,0.3163,0.1327,0.1327,0.6837,0.3333,0.4643,0.1667,0.0061,2,0.1188,,0.6164,0.5949,0.5698,0.6279,0.56,0.4184,0.6122,0.3571,0.2959,0.0,0.3393,0.8333,0.0104,6,0.1562,,0.6849,0.7975,0.6047,0.6512,0.75,0.4388,0.7449,0.3265,0.2347,0.3333,0.5,0.1667,0.0032,4,0.1275,,-1.0,-1.0,-1.0,-1.0,-1.0,-1.0,-1.0,-1.0,-1.0,-1.0,-1.0,-1.0,-1.0,-1,-1.0,-1.0,-1.0,-1.0,-1.0,-1.0,-1.0,-1.0,-1.0,-1.0,-1.0,-1.0,-1.0,-1.0,-1.0,-1,-1.0,-1.0,-1.0,-1.0,-1.0,-1.0,-1.0,-1.0,-1.0,-1.0,-1.0,-1.0,-1.0,-1.0,-1.0,-1,-1.0,-1.0,-1.0,-1.0,-1.0,-1.0,-1.0,-1.0,-1.0,-1.0,-1.0,-1.0,-1.0,-1.0,-1.0,-1,-1.0,-1.0,-1.0,-1.0,-1.0,-1.0,-1.0,-1.0,-1.0,-1.0,-1.0,-1.0,-1.0,-1.0,-1.0,-1,-1.0,-1.0,-1.0,-1.0,-1.0,-1.0,-1.0,-1.0,-1.0,-1.0,-1.0,-1.0,-1.0,-1.0,-1.0,-1,-1.0,-1.0,-1.0,-1.0,-1.0,-1.0,-1.0,-1.0,-1.0,-1.0,-1.0,-1.0,-1.0,-1.0,-1.0,-1,-1.0,-1.0,-1.0,-1.0,-1.0,-1.0,-1.0,-1.0,-1.0,-1.0,-1.0,-1.0,-1.0,-1.0,-1.0,-1,-1.0,-1.0,-1.0,-1.0,-1.0,-1.0,-1.0,-1.0,-1.0,-1.0,-1.0,-1.0,-1.0,-1.0,-1.0,-1,-1.0,-1.0,07/01/2025 20:30:00,0.1893,0,11,0.8333,0.5,0,0,0,0,0,1,0.3091,1
0.8219,0.9241,0.686,0.6512,-1.0,0.8061,0.898,0.9388,0.5918,0.5,0.4464,0.0833,0.0065,4,0.125,,-1,0.8219,0.8987,0.6395,0.6512,0.4,0.6122,0.7245,0.2755,0.8469,0.1667,0.3393,0.0833,0.0018,7,0.1675,,0.9041,0.8228,0.593,0.5233,0.75,0.7245,0.5918,0.7755,0.7959,0.1667,0.4821,0.0833,0.0005,3,0.1162,,0.589,0.6076,0.0,0.0,-1.0,0.0,0.0,0.0,0.0,0.6667,0.3214,0.0833,0.014,1,0.1375,,0.8219,0.9114,0.686,0.686,1.0,0.949,0.949,0.0,0.0,0.1667,0.5,0.0833,0.0083,2,0.0862,,0.8219,0.6962,0.6163,0.6163,0.56,0.6224,0.3469,0.9286,0.5816,0.1667,0.3393,0.0833,0.0018,5,0.095,,0.589,0.6962,0.6744,0.6744,-1.0,0.8265,0.7143,0.8061,0.949,0.3333,0.5,0.0833,0.0045,6,0.0688,,0.726,0.6962,0.7093,0.7326,-1.0,0.7041,0.7959,0.6122,0.0,0.1667,0.5,0.0833,0.0032,8,0.1412,,-1.0,-1.0,-1.0,-1.0,-1.0,-1.0,-1.0,-1.0,-1.0,-1.0,-1.0,-1.0,-1.0,-1,-1.0,-1.0,-1.0,-1.0,-1.0,-1.0,-1.0,-1.0,-1.0,-1.0,-1.0,-1.0,-1.0,-1.0,-1.0,-1,-1.0,-1.0,-1.0,-1.0,-1.0,-1.0,-1.0,-1.0,-1.0,-1.0,-1.0,-1.0,-1.0,-1.0,-1.0,-1,-1.0,-1.0,-1.0,-1.0,-1.0,-1.0,-1.0,-1.0,-1.0,-1.0,-1.0,-1.0,-1.0,-1.0,-1.0,-1,-1.0,-1.0,-1.0,-1.0,-1.0,-1.0,-1.0,-1.0,-1.0,-1.0,-1.0,-1.0,-1.0,-1.0,-1.0,-1,-1.0,-1.0,-1.0,-1.0,-1.0,-1.0,-1.0,-1.0,-1.0,-1.0,-1.0,-1.0,-1.0,-1.0,-1.0,-1,-1.0,-1.0,-1.0,-1.0,-1.0,-1.0,-1.0,-1.0,-1.0,-1.0,-1.0,-1.0,-1.0,-1.0,-1.0,-1,-1.0,-1.0,-1.0,-1.0,-1.0,-1.0,-1.0,-1.0,-1.0,-1.0,-1.0,-1.0,-1.0,-1.0,-1.0,-1,-1.0,-1.0,-1.0,-1.0,-1.0,-1.0,-1.0,-1.0,-1.0,-1.0,-1.0,-1.0,-1.0,-1.0,-1.0,-1,-1.0,-1.0,-1.0,-1.0,-1.0,-1.0,-1.0,-1.0,-1.0,-1.0,-1.0,-1.0,-1.0,-1.0,-1.0,-1,-1.0,-1.0,-1.0,-1.0,-1.0,-1.0,-1.0,-1.0,-1.0,-1.0,-1.0,-1.0,-1.0,-1.0,-1.0,-1,-1.0,-1.0,-1.0,-1.0,-1.0,-1.0,-1.0,-1.0,-1.0,-1.0,-1.0,-1.0,-1.0,-1.0,-1.0,-1,-1.0,-1.0,08/01/2025 13:03:00,0.0024,0,8,0.6667,0.5,0,0,0,1,0,0,0.35,1
0.9178,0.8481,0.5698,0.5698,0.6,0.602,0.4082,0.9694,0.4286,0.6667,0.4107,0.25,0.0197,3,0.1062,,-1,0.9726,0.9747,0.6395,0.5465,0.67,0.7755,0.9286,0.6531,0.7551,0.0,0.4107,0.25,0.0018,2,0.085,,-1.0,-1.0,-1.0,-1.0,-1.0,-1.0,-1.0,-1.0,-1.0,-1.0,-1.0,-1.0,-1.0,-1,-1.0,-1.0,-1.0,-1.0,-1.0,-1.0,-1.0,-1.0,-1.0,-1.0,-1.0,-1.0,-1.0,-1.0,-1.0,-1,-1.0,-1.0,0.8767,0.9241,0.6047,0.7209,0.6,0.6735,0.8878,0.551,0.5714,0.1667,0.4464,0.4167,0.0011,4,0.1338,,0.8219,0.8734,0.7558,0.7558,-1.0,0.7959,0.7959,0.0,0.0,0.5,0.5893,0.25,0.0036,1,0.0912,,-1.0,-1.0,-1.0,-1.0,-1.0,-1.0,-1.0,-1.0,-1.0,-1.0,-1.0,-1.0,-1.0,-1,-1.0,-1.0,-1.0,-1.0,-1.0,-1.0,-1.0,-1.0,-1.0,-1.0,-1.0,-1.0,-1.0,-1.0,-1.0,-1,-1.0,-1.0,-1.0,-1.0,-1.0,-1.0,-1.0,-1.0,-1.0,-1.0,-1.0,-1.0,-1.0,-1.0,-1.0,-1,-1.0,-1.0,-1.0,-1.0,-1.0,-1.0,-1.0,-1.0,-1.0,-1.0,-1.0,-1.0,-1.0,-1.0,-1.0,-1,-1.0,-1.0,-1.0,-1.0,-1.0,-1.0,-1.0,-1.0,-1.0,-1.0,-1.0,-1.0,-1.0,-1.0,-1.0,-1,-1.0,-1.0,-1.0,-1.0,-1.0,-1.0,-1.0,-1.0,-1.0,-1.0,-1.0,-1.0,-1.0,-1.0,-1.0,-1,-1.0,-1.0,-1.0,-1.0,-1.0,-1.0,-1.0,-1.0,-1.0,-1.0,-1.0,-1.0,-1.0,-1.0,-1.0,-1,-1.0,-1.0,-1.0,-1.0,-1.0,-1.0,-1.0,-1.0,-1.0,-1.0,-1.0,-1.0,-1.0,-1.0,-1.0,-1,-1.0,-1.0,-1.0,-1.0,-1.0,-1.0,-1.0,-1.0,-1.0,-1.0,-1.0,-1.0,-1.0,-1.0,-1.0,-1,-1.0,-1.0,-1.0,-1.0,-1.0,-1.0,-1.0,-1.0,-1.0,-1.0,-1.0,-1.0,-1.0,-1.0,-1.0,-1,-1.0,-1.0,-1.0,-1.0,-1.0,-1.0,-1.0,-1.0,-1.0,-1.0,-1.0,-1.0,-1.0,-1.0,-1.0,-1,-1.0,-1.0,-1.0,-1.0,-1.0,-1.0,-1.0,-1.0,-1.0,-1.0,-1.0,-1.0,-1.0,-1.0,-1.0,-1,-1.0,-1.0,-1.0,-1.0,-1.0,-1.0,-1.0,-1.0,-1.0,-1.0,-1.0,-1.0,-1.0,-1.0,-1.0,-1,-1.0,-1.0,-1.0,-1.0,-1.0,-1.0,-1.0,-1.0,-1.0,-1.0,-1.0,-1.0,-1.0,-1.0,-1.0,-1,-1.0,-1.0,08/01/2025 13:33:00,0.6457,0,4,0.6667,0.5,0,0,0,1,0,0,0.4,1
0.8082,0.6582,0.7558,0.7558,0.39,0.6531,0.8163,0.8061,0.3265,0.6667,0.3929,0.4167,0.0038,5,0.095,,-1,0.6986,0.5949,0.7674,0.7674,0.68,0.9082,0.8673,0.8878,0.9592,0.1667,0.4286,0.5,0.0031,1,0.1375,,0.7808,0.8101,0.6395,0.7558,0.5,0.6633,0.8571,0.4082,0.7143,0.3333,0.3393,0.3333,0.0018,3,0.1162,,0.7397,0.9367,0.7442,0.7442,0.77,0.7041,0.6939,0.7755,0.6531,0.6667,0.3393,0.5833,0.0018,7,0.1675,,0.9041,0.7468,0.7674,0.7209,0.57,0.7143,0.7143,0.7449,0.6837,0.1667,0.5,0.25,0.0031,2,0.0862,,0.6986,0.7089,0.7558,0.7442,0.61,0.7755,0.7449,0.7143,0.8571,0.0,0.4107,0.25,0.0038,6,0.0688,,0.9315,0.9494,0.7791,0.7558,0.82,0.8367,0.7857,0.8163,0.9082,0.3333,0.4821,0.25,0.0032,4,0.125,,0.6027,0.8228,0.814,0.7326,0.81,0.8571,0.6633,0.949,0.9592,0.1667,0.4286,0.25,0.0032,8,0.1412,,-1.0,-1.0,-1.0,-1.0,-1.0,-1.0,-1.0,-1.0,-1.0,-1.0,-1.0,-1.0,-1.0,-1,-1.0,-1.0,-1.0,-1.0,-1.0,-1.0,-1.0,-1.0,-1.0,-1.0,-1.0,-1.0,-1.0,-1.0,-1.0,-1,-1.0,-1.0,-1.0,-1.0,-1.0,-1.0,-1.0,-1.0,-1.0,-1.0,-1.0,-1.0,-1.0,-1.0,-1.0,-1,-1.0,-1.0,-1.0,-1.0,-1.0,-1.0,-1.0,-1.0,-1.0,-1.0,-1.0,-1.0,-1.0,-1.0,-1.0,-1,-1.0,-1.0,-1.0,-1.0,-1.0,-1.0,-1.0,-1.0,-1.0,-1.0,-1.0,-1.0,-1.0,-1.0,-1.0,-1,-1.0,-1.0,-1.0,-1.0,-1.0,-1.0,-1.0,-1.0,-1.0,-1.0,-1.0,-1.0,-1.0,-1.0,-1.0,-1,-1.0,-1.0,-1.0,-1.0,-1.0,-1.0,-1.0,-1.0,-1.0,-1.0,-1.0,-1.0,-1.0,-1.0,-1.0,-1,-1.0,-1.0,-1.0,-1.0,-1.0,-1.0,-1.0,-1.0,-1.0,-1.0,-1.0,-1.0,-1.0,-1.0,-1.0,-1,-1.0,-1.0,-1.0,-1.0,-1.0,-1.0,-1.0,-1.0,-1.0,-1.0,-1.0,-1.0,-1.0,-1.0,-1.0,-1,-1.0,-1.0,-1.0,-1.0,-1.0,-1.0,-1.0,-1.0,-1.0,-1.0,-1.0,-1.0,-1.0,-1.0,-1.0,-1,-1.0,-1.0,-1.0,-1.0,-1.0,-1.0,-1.0,-1.0,-1.0,-1.0,-1.0,-1.0,-1.0,-1.0,-1.0,-1,-1.0,-1.0,-1.0,-1.0,-1.0,-1.0,-1.0,-1.0,-1.0,-1.0,-1.0,-1.0,-1.0,-1.0,-1.0,-1,-1.0,-1.0,08/01/2025 14:33:00,0.0024,0,8,0.5,0.5,0,0,0,1,0,0,0.375,1
0.6164,0.8101,0.6163,0.5233,0.65,0.551,0.6531,0.3265,0.6633,0.5,0.4821,0.5,0.0018,6,0.1138,,-1,0.9452,0.9747,0.6279,0.6279,0.43,0.5306,0.6939,0.6224,0.2857,0.0,0.4464,0.4167,0.0031,3,0.1538,,0.6164,0.557,0.407,0.407,0.0,0.1837,0.2755,0.1327,0.1327,0.0,0.3214,0.5833,0.0018,9,0.1325,,0.863,0.7722,0.6163,0.6047,0.59,0.7755,0.9388,0.8776,0.5,0.1667,0.4464,0.5833,0.0018,5,0.1338,,0.6027,0.7595,0.686,0.6512,0.12,0.6327,0.949,0.2245,0.7245,0.8333,0.5,0.25,0.005,4,0.14,,0.726,0.6582,0.6395,0.6047,0.92,0.8163,0.8571,0.8265,0.7755,0.3333,0.5,0.25,0.0018,2,0.1,,0.8767,0.7975,0.5349,0.6163,0.54,0.4796,0.6122,0.4286,0.4082,0.1667,0.5,0.25,0.0018,7,0.1475,,0.6575,0.5823,0.6395,0.6395,0.34,0.4592,0.4592,0.0,0.0,0.0,0.4286,0.25,0.002,1,0.0738,,0.7945,0.8481,0.6163,0.6163,0.25,0.449,0.449,0.0,0.0,0.3333,0.3929,0.1667,0.0239,8,0.1275,,-1.0,-1.0,-1.0,-1.0,-1.0,-1.0,-1.0,-1.0,-1.0,-1.0,-1.0,-1.0,-1.0,-1,-1.0,-1.0,-1.0,-1.0,-1.0,-1.0,-1.0,-1.0,-1.0,-1.0,-1.0,-1.0,-1.0,-1.0,-1.0,-1,-1.0,-1.0,-1.0,-1.0,-1.0,-1.0,-1.0,-1.0,-1.0,-1.0,-1.0,-1.0,-1.0,-1.0,-1.0,-1,-1.0,-1.0,-1.0,-1.0,-1.0,-1.0,-1.0,-1.0,-1.0,-1.0,-1.0,-1.0,-1.0,-1.0,-1.0,-1,-1.0,-1.0,-1.0,-1.0,-1.0,-1.0,-1.0,-1.0,-1.0,-1.0,-1.0,-1.0,-1.0,-1.0,-1.0,-1,-1.0,-1.0,-1.0,-1.0,-1.0,-1.0,-1.0,-1.0,-1.0,-1.0,-1.0,-1.0,-1.0,-1.0,-1.0,-1,-1.0,-1.0,-1.0,-1.0,-1.0,-1.0,-1.0,-1.0,-1.0,-1.0,-1.0,-1.0,-1.0,-1.0,-1.0,-1,-1.0,-1.0,-1.0,-1.0,-1.0,-1.0,-1.0,-1.0,-1.0,-1.0,-1.0,-1.0,-1.0,-1.0,-1.0,-1,-1.0,-1.0,-1.0,-1.0,-1.0,-1.0,-1.0,-1.0,-1.0,-1.0,-1.0,-1.0,-1.0,-1.0,-1.0,-1,-1.0,-1.0,-1.0,-1.0,-1.0,-1.0,-1.0,-1.0,-1.0,-1.0,-1.0,-1.0,-1.0,-1.0,-1.0,-1,-1.0,-1.0,-1.0,-1.0,-1.0,-1.0,-1.0,-1.0,-1.0,-1.0,-1.0,-1.0,-1.0,-1.0,-1.0,-1,-1.0,-1.0,08/01/2025 15:03:00,0.4509,0,9,0.8333,0.5,0,0,0,1,0,0,0.3111,1
0.8356,0.9114,0.7326,0.7326,0.84,0.8776,0.9694,0.949,0.7245,0.0,0.4464,0.1667,0.0018,4,0.1075,,-1,0.9041,0.5823,0.7791,0.7209,0.88,0.9184,0.8571,0.9592,0.9388,0.0,0.5,0.25,0.0018,10,0.1512,,0.7123,0.8861,0.7442,0.7442,0.73,0.9184,0.8878,0.9286,0.9388,0.5,0.3929,0.25,0.0031,5,0.13,,0.8493,0.8228,0.6977,0.6395,0.51,0.7755,0.5204,0.8571,0.949,0.6667,0.4286,0.1667,0.0018,7,0.1362,,0.4932,0.8734,0.686,0.6395,0.58,0.7143,0.602,0.7449,0.8061,0.0,0.4107,0.1667,0.0151,1,0.1075,,0.726,0.7215,0.7791,0.7907,0.71,0.7959,0.8367,0.949,0.6122,0.1667,0.4821,0.3333,0.0047,3,0.1038,,0.5205,0.5823,0.7209,0.7791,0.67,0.6837,0.8571,0.6531,0.5408,0.0,0.375,0.1667,0.0063,9,0.175,,0.6986,0.6329,0.6279,0.6047,0.31,0.3571,0.4082,0.3673,0.3061,0.6667,0.2857,0.4167,0.0018,6,0.1525,,0.5753,0.6582,0.7326,0.7674,0.65,0.7143,0.8571,0.551,0.7449,0.1667,0.4286,0.1667,0.0034,2,0.1138,,0.7123,0.5443,0.7093,0.686,0.95,0.7245,0.4592,0.7755,0.949,0.3333,0.4107,0.1667,0.0034,8,0.1138,,-1.0,-1.0,-1.0,-1.0,-1.0,-1.0,-1.0,-1.0,-1.0,-1.0,-1.0,-1.0,-1.0,-1,-1.0,-1.0,-1.0,-1.0,-1.0,-1.0,-1.0,-1.0,-1.0,-1.0,-1.0,-1.0,-1.0,-1.0,-1.0,-1,-1.0,-1.0,-1.0,-1.0,-1.0,-1.0,-1.0,-1.0,-1.0,-1.0,-1.0,-1.0,-1.0,-1.0,-1.0,-1,-1.0,-1.0,-1.0,-1.0,-1.0,-1.0,-1.0,-1.0,-1.0,-1.0,-1.0,-1.0,-1.0,-1.0,-1.0,-1,-1.0,-1.0,-1.0,-1.0,-1.0,-1.0,-1.0,-1.0,-1.0,-1.0,-1.0,-1.0,-1.0,-1.0,-1.0,-1,-1.0,-1.0,-1.0,-1.0,-1.0,-1.0,-1.0,-1.0,-1.0,-1.0,-1.0,-1.0,-1.0,-1.0,-1.0,-1,-1.0,-1.0,-1.0,-1.0,-1.0,-1.0,-1.0,-1.0,-1.0,-1.0,-1.0,-1.0,-1.0,-1.0,-1.0,-1,-1.0,-1.0,-1.0,-1.0,-1.0,-1.0,-1.0,-1.0,-1.0,-1.0,-1.0,-1.0,-1.0,-1.0,-1.0,-1,-1.0,-1.0,-1.0,-1.0,-1.0,-1.0,-1.0,-1.0,-1.0,-1.0,-1.0,-1.0,-1.0,-1.0,-1.0,-1,-1.0,-1.0,-1.0,-1.0,-1.0,-1.0,-1.0,-1.0,-1.0,-1.0,-1.0,-1.0,-1.0,-1.0,-1.0,-1,-1.0,-1.0,08/01/2025 15:33:00,0.1807,0,10,0.5,0.5,0,0,0,1,0,0,0.3,1
0.9178,0.9241,0.7442,0.7326,0.84,0.8776,0.7959,0.8776,0.949,0.8333,0.4643,0.25,0.0038,10,0.1512,,-1,0.6712,0.6456,0.7209,0.6279,0.73,0.6531,0.7755,0.5918,0.5816,0.8333,0.4643,0.25,0.0018,2,0.1138,,0.9315,0.7975,0.6977,0.6977,0.61,0.6837,0.5,0.6429,0.9184,0.0,0.4286,0.3333,0.0038,7,0.1362,,0.6027,0.481,0.6977,0.6977,0.86,0.7551,0.7449,0.949,0.5816,0.1667,0.4643,0.25,0.0052,3,0.1038,,0.6712,0.7089,0.7326,0.6279,0.68,0.7653,0.8571,0.6531,0.7755,0.0,0.5,0.3333,0.0018,5,0.13,,0.6712,0.519,0.686,0.7442,0.64,0.5408,0.7449,0.6531,0.2143,0.1667,0.5,0.3333,0.0031,11,0.1788,,0.6986,0.7975,0.686,0.686,0.64,0.5102,0.551,0.4286,0.551,0.5,0.4286,0.4167,0.0009,4,0.1075,,0.2603,0.4177,0.7093,0.7209,0.6,0.6327,0.6531,0.5816,0.6531,0.3333,0.4107,0.25,0.0038,6,0.1525,,0.8493,0.7975,0.7093,0.6977,0.59,0.602,0.7959,0.3571,0.6531,0.5,0.3929,0.25,0.0018,9,0.175,,0.5068,0.5443,0.5581,0.4884,0.69,0.3878,0.3776,0.3571,0.4286,0.6667,0.3036,0.4167,0.0031,8,0.1138,,0.5068,0.557,0.593,0.593,0.6,0.6327,0.7245,0.2959,0.8776,0.1667,0.4821,0.25,0.0009,1,0.1075,,0.3973,0.6582,0.0,0.0,-1.0,0.6735,0.6939,0.6531,0.0,0.3333,0.4286,0.1667,0.0851,12,0.1062,,-1.0,-1.0,-1.0,-1.0,-1.0,-1.0,-1.0,-1.0,-1.0,-1.0,-1.0,-1.0,-1.0,-1,-1.0,-1.0,-1.0,-1.0,-1.0,-1.0,-1.0,-1.0,-1.0,-1.0,-1.0,-1.0,-1.0,-1.0,-1.0,-1,-1.0,-1.0,-1.0,-1.0,-1.0,-1.0,-1.0,-1.0,-1.0,-1.0,-1.0,-1.0,-1.0,-1.0,-1.0,-1,-1.0,-1.0,-1.0,-1.0,-1.0,-1.0,-1.0,-1.0,-1.0,-1.0,-1.0,-1.0,-1.0,-1.0,-1.0,-1,-1.0,-1.0,-1.0,-1.0,-1.0,-1.0,-1.0,-1.0,-1.0,-1.0,-1.0,-1.0,-1.0,-1.0,-1.0,-1,-1.0,-1.0,-1.0,-1.0,-1.0,-1.0,-1.0,-1.0,-1.0,-1.0,-1.0,-1.0,-1.0,-1.0,-1.0,-1,-1.0,-1.0,-1.0,-1.0,-1.0,-1.0,-1.0,-1.0,-1.0,-1.0,-1.0,-1.0,-1.0,-1.0,-1.0,-1,-1.0,-1.0,-1.0,-1.0,-1.0,-1.0,-1.0,-1.0,-1.0,-1.0,-1.0,-1.0,-1.0,-1.0,-1.0,-1,-1.0,-1.0,08/01/2025 16:03:00,0.1807,0,12,0.8333,0.5,0,0,0,1,0,0,0.45,1
0.9178,0.6582,0.7209,0.7907,0.72,0.7755,0.949,0.6837,0.6837,0.0,0.4643,0.25,0.0036,1,0.1588,,-1,0.5479,0.4684,0.7326,0.6279,0.7,0.7449,0.4592,0.8469,0.9388,0.8333,0.4107,0.4167,0.0045,7,0.1013,,0.5753,0.557,0.6395,0.6512,0.2,0.449,0.4082,0.4796,0.0,0.0,0.3571,0.3333,0.0036,2,0.1725,,0.6027,0.5443,0.6628,0.7558,0.67,0.7857,0.6837,0.8367,0.8367,0.3333,0.4107,0.25,0.0036,4,0.1488,,0.6438,0.6962,0.7209,0.7326,0.61,0.7755,0.8367,0.8367,0.6531,0.0,0.5,0.5,0.0045,9,0.0775,,0.589,0.7089,0.7326,0.7326,-1.0,0.7755,0.6837,0.8571,0.0,0.0,0.4464,0.1667,0.014,10,0.0812,,0.7671,0.6329,0.6744,0.6744,0.73,0.6122,0.949,0.4898,0.3878,0.0,0.2857,0.3333,0.0061,6,0.1288,,0.7123,0.9241,0.0,0.0,0.6,0.5306,0.6122,0.5204,0.4592,0.3333,0.4107,0.4167,0.0845,3,0.17,,0.5616,0.6203,0.6628,0.6628,0.49,0.551,0.7755,0.6122,0.2755,0.1667,0.5,0.3333,0.0063,5,0.1362,,0.726,0.8608,0.6977,0.6977,0.52,0.7755,0.6837,0.7857,0.8673,0.5,0.3571,0.1667,0.0036,8,0.1025,,0.6575,0.9241,0.6977,0.7558,0.59,0.5612,0.7959,0.5408,0.3367,0.1667,0.5,0.5,0.0045,11,0.085,,-1.0,-1.0,-1.0,-1.0,-1.0,-1.0,-1.0,-1.0,-1.0,-1.0,-1.0,-1.0,-1.0,-1,-1.0,-1.0,-1.0,-1.0,-1.0,-1.0,-1.0,-1.0,-1.0,-1.0,-1.0,-1.0,-1.0,-1.0,-1.0,-1,-1.0,-1.0,-1.0,-1.0,-1.0,-1.0,-1.0,-1.0,-1.0,-1.0,-1.0,-1.0,-1.0,-1.0,-1.0,-1,-1.0,-1.0,-1.0,-1.0,-1.0,-1.0,-1.0,-1.0,-1.0,-1.0,-1.0,-1.0,-1.0,-1.0,-1.0,-1,-1.0,-1.0,-1.0,-1.0,-1.0,-1.0,-1.0,-1.0,-1.0,-1.0,-1.0,-1.0,-1.0,-1.0,-1.0,-1,-1.0,-1.0,-1.0,-1.0,-1.0,-1.0,-1.0,-1.0,-1.0,-1.0,-1.0,-1.0,-1.0,-1.0,-1.0,-1,-1.0,-1.0,-1.0,-1.0,-1.0,-1.0,-1.0,-1.0,-1.0,-1.0,-1.0,-1.0,-1.0,-1.0,-1.0,-1,-1.0,-1.0,-1.0,-1.0,-1.0,-1.0,-1.0,-1.0,-1.0,-1.0,-1.0,-1.0,-1.0,-1.0,-1.0,-1,-1.0,-1.0,-1.0,-1.0,-1.0,-1.0,-1.0,-1.0,-1.0,-1.0,-1.0,-1.0,-1.0,-1.0,-1.0,-1,-1.0,-1.0,08/01/2025 18:30:00,0.0888,0,11,0.6667,0.5,0,1,0,0,0,0,0.2545,1
0.3836,0.7722,0.6977,0.7907,0.31,0.8367,0.8776,0.6939,0.9388,0.0,0.3929,0.1667,0.0018,7,0.1412,,-1,0.7397,0.6582,0.686,0.6163,0.75,0.602,0.4592,0.4388,0.9184,0.0,0.4464,0.25,0.0043,6,0.1438,,0.5479,0.7215,0.7674,0.7674,0.5,0.6939,0.8367,0.7755,0.4592,0.1667,0.4643,0.1667,0.0052,4,0.1538,,0.6575,0.6582,0.5465,0.5233,0.2,0.4286,0.4388,0.4082,0.0,0.1667,0.3393,0.3333,0.0018,1,0.1088,,0.6849,0.9114,0.6395,0.686,0.96,0.5408,0.4592,0.4082,0.7449,0.3333,0.5,0.1667,0.002,11,0.145,,0.726,0.4304,0.5581,0.5233,0.08,0.3878,0.1327,0.2755,0.7449,0.1667,0.2143,0.4167,0.0031,13,0.1388,,0.411,0.4304,0.6977,0.686,0.64,0.5612,0.4898,0.5714,0.6122,0.1667,0.5,0.25,0.0013,9,0.0988,,0.9041,0.5949,0.7326,0.7093,0.5,0.7041,0.5918,0.7449,0.7653,0.1667,0.4643,0.1667,0.0013,12,0.0725,,0.5479,0.7468,0.686,0.4884,0.68,0.5204,0.2755,0.7959,0.5,0.5,0.4643,0.25,0.0038,8,0.1225,,0.6849,0.7089,0.686,0.8256,0.64,0.6327,0.7143,0.3878,0.7959,0.1667,0.4286,0.1667,0.0086,5,0.1512,,0.5068,0.4684,0.6163,0.6163,0.09,0.4898,0.4592,0.4592,0.5408,0.0,0.4643,0.4167,0.0029,3,0.1412,,0.5479,0.2785,0.6628,0.6628,0.31,0.3878,0.398,0.2755,0.4796,0.0,0.3393,0.3333,0.0061,10,0.1,,0.6164,0.7468,0.7209,0.7209,0.78,0.8163,0.7143,0.8673,0.8673,0.0,0.4821,0.25,0.0018,2,0.1262,,-1.0,-1.0,-1.0,-1.0,-1.0,-1.0,-1.0,-1.0,-1.0,-1.0,-1.0,-1.0,-1.0,-1,-1.0,-1.0,-1.0,-1.0,-1.0,-1.0,-1.0,-1.0,-1.0,-1.0,-1.0,-1.0,-1.0,-1.0,-1.0,-1,-1.0,-1.0,-1.0,-1.0,-1.0,-1.0,-1.0,-1.0,-1.0,-1.0,-1.0,-1.0,-1.0,-1.0,-1.0,-1,-1.0,-1.0,-1.0,-1.0,-1.0,-1.0,-1.0,-1.0,-1.0,-1.0,-1.0,-1.0,-1.0,-1.0,-1.0,-1,-1.0,-1.0,-1.0,-1.0,-1.0,-1.0,-1.0,-1.0,-1.0,-1.0,-1.0,-1.0,-1.0,-1.0,-1.0,-1,-1.0,-1.0,-1.0,-1.0,-1.0,-1.0,-1.0,-1.0,-1.0,-1.0,-1.0,-1.0,-1.0,-1.0,-1.0,-1,-1.0,-1.0,-1.0,-1.0,-1.0,-1.0,-1.0,-1.0,-1.0,-1.0,-1.0,-1.0,-1.0,-1.0,-1.0,-1,-1.0,-1.0,08/01/2025 19:00:00,0.2616,0,13,0.6667,0.5,0,1,0,0,0,0,0.1692,1
0.9589,0.8987,0.6744,0.7326,-1.0,0.8571,0.898,0.8163,0.0,0.3333,0.4821,0.0833,0.0039,4,0.1538,,-1,0.8904,0.8481,0.686,0.6512,0.47,0.898,0.8673,0.8673,0.949,0.3333,0.3393,0.0833,0.0032,2,0.1262,,-1.0,-1.0,-1.0,-1.0,-1.0,-1.0,-1.0,-1.0,-1.0,-1.0,-1.0,-1.0,-1.0,-1,-1.0,-1.0,0.8219,0.9114,0.6744,0.7674,0.59,0.8367,0.9592,0.8163,0.7449,0.3333,0.4464,0.0833,0.0048,5,0.1512,,0.8082,0.8481,0.5349,0.5233,0.17,0.5816,0.5,0.6531,0.0,0.6667,0.25,0.0833,0.0036,3,0.1412,,0.8493,0.8734,0.6744,0.6744,0.82,0.8367,0.9592,0.7143,0.8367,0.1667,0.5,0.0833,0.002,1,0.1088,,-1.0,-1.0,-1.0,-1.0,-1.0,-1.0,-1.0,-1.0,-1.0,-1.0,-1.0,-1.0,-1.0,-1,-1.0,-1.0,-1.0,-1.0,-1.0,-1.0,-1.0,-1.0,-1.0,-1.0,-1.0,-1.0,-1.0,-1.0,-1.0,-1,-1.0,-1.0,-1.0,-1.0,-1.0,-1.0,-1.0,-1.0,-1.0,-1.0,-1.0,-1.0,-1.0,-1.0,-1.0,-1,-1.0,-1.0,-1.0,-1.0,-1.0,-1.0,-1.0,-1.0,-1.0,-1.0,-1.0,-1.0,-1.0,-1.0,-1.0,-1,-1.0,-1.0,-1.0,-1.0,-1.0,-1.0,-1.0,-1.0,-1.0,-1.0,-1.0,-1.0,-1.0,-1.0,-1.0,-1,-1.0,-1.0,-1.0,-1.0,-1.0,-1.0,-1.0,-1.0,-1.0,-1.0,-1.0,-1.0,-1.0,-1.0,-1.0,-1,-1.0,-1.0,-1.0,-1.0,-1.0,-1.0,-1.0,-1.0,-1.0,-1.0,-1.0,-1.0,-1.0,-1.0,-1.0,-1,-1.0,-1.0,-1.0,-1.0,-1.0,-1.0,-1.0,-1.0,-1.0,-1.0,-1.0,-1.0,-1.0,-1.0,-1.0,-1,-1.0,-1.0,-1.0,-1.0,-1.0,-1.0,-1.0,-1.0,-1.0,-1.0,-1.0,-1.0,-1.0,-1.0,-1.0,-1,-1.0,-1.0,-1.0,-1.0,-1.0,-1.0,-1.0,-1.0,-1.0,-1.0,-1.0,-1.0,-1.0,-1.0,-1.0,-1,-1.0,-1.0,-1.0,-1.0,-1.0,-1.0,-1.0,-1.0,-1.0,-1.0,-1.0,-1.0,-1.0,-1.0,-1.0,-1,-1.0,-1.0,-1.0,-1.0,-1.0,-1.0,-1.0,-1.0,-1.0,-1.0,-1.0,-1.0,-1.0,-1.0,-1.0,-1,-1.0,-1.0,-1.0,-1.0,-1.0,-1.0,-1.0,-1.0,-1.0,-1.0,-1.0,-1.0,-1.0,-1.0,-1.0,-1,-1.0,-1.0,-1.0,-1.0,-1.0,-1.0,-1.0,-1.0,-1.0,-1.0,-1.0,-1.0,-1.0,-1.0,-1.0,-1,-1.0,-1.0,08/01/2025 19:30:00,0.2616,0,5,0.5,0.5,0,1,0,0,0,0,0.44,1
0.7397,0.7215,0.593,0.6279,0.15,0.5306,0.551,0.5408,0.5102,0.0,0.4464,0.25,0.0063,8,0.1312,,-1,0.7808,0.7468,0.7093,0.5116,0.33,0.6224,0.4898,0.5918,0.7857,0.6667,0.5357,0.4167,0.009,5,0.1525,,0.7808,0.8861,0.7326,0.6047,0.36,0.6633,0.4082,0.6327,0.949,0.3333,0.5893,0.25,0.0203,3,0.1625,,0.8082,0.9114,0.7558,0.7558,-1.0,0.898,0.898,0.0,0.0,0.5,0.5536,0.25,0.0039,2,0.1412,,0.7534,0.6835,0.6047,0.5116,-1.0,0.602,0.7347,0.4592,0.0,0.0,0.4821,0.1667,0.0045,7,0.1238,,0.5479,0.8354,0.6977,0.6512,0.45,0.6735,0.602,0.6633,0.7449,0.6667,0.4821,0.25,0.002,6,0.0888,,0.8082,0.7215,0.8023,0.9651,0.77,0.8878,0.9286,0.9184,0.8163,0.8333,0.5714,0.5,0.0048,1,0.1488,,0.7808,0.7215,0.7209,0.9419,0.74,0.7653,0.8673,0.7143,0.7245,0.0,0.3393,0.1667,0.0048,4,0.18,,0.726,0.5063,0.686,0.7093,-1.0,0.8776,0.949,0.7959,0.0,0.0,0.4464,0.4167,0.0041,9,0.0725,,-1.0,-1.0,-1.0,-1.0,-1.0,-1.0,-1.0,-1.0,-1.0,-1.0,-1.0,-1.0,-1.0,-1,-1.0,-1.0,-1.0,-1.0,-1.0,-1.0,-1.0,-1.0,-1.0,-1.0,-1.0,-1.0,-1.0,-1.0,-1.0,-1,-1.0,-1.0,-1.0,-1.0,-1.0,-1.0,-1.0,-1.0,-1.0,-1.0,-1.0,-1.0,-1.0,-1.0,-1.0,-1,-1.0,-1.0,-1.0,-1.0,-1.0,-1.0,-1.0,-1.0,-1.0,-1.0,-1.0,-1.0,-1.0,-1.0,-1.0,-1,-1.0,-1.0,-1.0,-1.0,-1.0,-1.0,-1.0,-1.0,-1.0,-1.0,-1.0,-1.0,-1.0,-1.0,-1.0,-1,-1.0,-1.0,-1.0,-1.0,-1.0,-1.0,-1.0,-1.0,-1.0,-1.0,-1.0,-1.0,-1.0,-1.0,-1.0,-1,-1.0,-1.0,-1.0,-1.0,-1.0,-1.0,-1.0,-1.0,-1.0,-1.0,-1.0,-1.0,-1.0,-1.0,-1.0,-1,-1.0,-1.0,-1.0,-1.0,-1.0,-1.0,-1.0,-1.0,-1.0,-1.0,-1.0,-1.0,-1.0,-1.0,-1.0,-1,-1.0,-1.0,-1.0,-1.0,-1.0,-1.0,-1.0,-1.0,-1.0,-1.0,-1.0,-1.0,-1.0,-1.0,-1.0,-1,-1.0,-1.0,-1.0,-1.0,-1.0,-1.0,-1.0,-1.0,-1.0,-1.0,-1.0,-1.0,-1.0,-1.0,-1.0,-1,-1.0,-1.0,-1.0,-1.0,-1.0,-1.0,-1.0,-1.0,-1.0,-1.0,-1.0,-1.0,-1.0,-1.0,-1.0,-1,-1.0,-1.0,08/01/2025 20:00:00,0.9521,0,9,0.5,0.5,0,1,0,0,0,0,0.4,1
0.863,0.8101,0.7093,0.7093,0.76,0.8878,0.898,0.8367,0.9388,0.0,0.4107,0.25,0.0018,3,0.1262,,-1,0.9315,0.9873,0.7791,0.7791,1.0,0.8163,0.949,0.7959,0.7143,0.1667,0.5714,0.25,0.0009,1,0.1162,,-1.0,-1.0,-1.0,-1.0,-1.0,-1.0,-1.0,-1.0,-1.0,-1.0,-1.0,-1.0,-1.0,-1,-1.0,-1.0,0.863,0.8354,0.7674,0.7674,-1.0,0.7347,0.5816,0.9592,0.6531,0.5,0.5536,0.1667,0.0007,5,0.1412,,0.8082,0.8481,0.7209,0.5116,0.51,0.6735,0.4796,0.8878,0.6429,0.0,0.4107,0.25,0.0034,2,0.1262,,0.8493,0.8861,0.7209,0.7209,0.63,0.7143,0.9082,0.949,0.2755,0.0,0.4464,0.5,0.0065,4,0.165,,-1.0,-1.0,-1.0,-1.0,-1.0,-1.0,-1.0,-1.0,-1.0,-1.0,-1.0,-1.0,-1.0,-1,-1.0,-1.0,-1.0,-1.0,-1.0,-1.0,-1.0,-1.0,-1.0,-1.0,-1.0,-1.0,-1.0,-1.0,-1.0,-1,-1.0,-1.0,-1.0,-1.0,-1.0,-1.0,-1.0,-1.0,-1.0,-1.0,-1.0,-1.0,-1.0,-1.0,-1.0,-1,-1.0,-1.0,-1.0,-1.0,-1.0,-1.0,-1.0,-1.0,-1.0,-1.0,-1.0,-1.0,-1.0,-1.0,-1.0,-1,-1.0,-1.0,-1.0,-1.0,-1.0,-1.0,-1.0,-1.0,-1.0,-1.0,-1.0,-1.0,-1.0,-1.0,-1.0,-1,-1.0,-1.0,-1.0,-1.0,-1.0,-1.0,-1.0,-1.0,-1.0,-1.0,-1.0,-1.0,-1.0,-1.0,-1.0,-1,-1.0,-1.0,-1.0,-1.0,-1.0,-1.0,-1.0,-1.0,-1.0,-1.0,-1.0,-1.0,-1.0,-1.0,-1.0,-1,-1.0,-1.0,-1.0,-1.0,-1.0,-1.0,-1.0,-1.0,-1.0,-1.0,-1.0,-1.0,-1.0,-1.0,-1.0,-1,-1.0,-1.0,-1.0,-1.0,-1.0,-1.0,-1.0,-1.0,-1.0,-1.0,-1.0,-1.0,-1.0,-1.0,-1.0,-1,-1.0,-1.0,-1.0,-1.0,-1.0,-1.0,-1.0,-1.0,-1.0,-1.0,-1.0,-1.0,-1.0,-1.0,-1.0,-1,-1.0,-1.0,-1.0,-1.0,-1.0,-1.0,-1.0,-1.0,-1.0,-1.0,-1.0,-1.0,-1.0,-1.0,-1.0,-1,-1.0,-1.0,-1.0,-1.0,-1.0,-1.0,-1.0,-1.0,-1.0,-1.0,-1.0,-1.0,-1.0,-1.0,-1.0,-1,-1.0,-1.0,-1.0,-1.0,-1.0,-1.0,-1.0,-1.0,-1.0,-1.0,-1.0,-1.0,-1.0,-1.0,-1.0,-1,-1.0,-1.0,-1.0,-1.0,-1.0,-1.0,-1.0,-1.0,-1.0,-1.0,-1.0,-1.0,-1.0,-1.0,-1.0,-1,-1.0,-1.0,09/01/2025 11:58:00,0.4344,0,5,0.5,0.5,0,0,1,0,0,0,0.16,1
0.6575,0.8734,0.6628,0.7907,0.55,0.7653,0.949,0.6531,0.6837,0.1667,0.4286,0.3333,0.0022,4,0.13,,-1,0.7534,0.6709,0.7558,0.6279,1.0,0.8061,0.6224,0.9388,0.8469,0.5,0.5536,0.1667,0.0009,2,0.125,,0.6438,0.9747,0.7093,0.7093,0.36,0.4286,0.6122,0.398,0.2857,0.5,0.4643,0.4167,0.0014,3,0.1425,,0.5616,0.7089,0.7326,0.7209,0.35,0.551,0.6939,0.4286,0.5306,0.0,0.5,0.25,0.0014,8,0.12,,0.6849,0.4304,-1.0,-1.0,-1.0,-1.0,-1.0,-1.0,-1.0,0.0,0.4107,0.1667,-1.0,6,0.145,,0.9178,0.5949,0.6977,0.6395,0.49,0.8776,0.9184,0.7959,0.9286,0.3333,0.5,0.25,0.0009,11,0.1562,,0.4247,0.7848,0.7326,0.7326,0.73,0.6939,0.8571,0.8776,0.3571,0.0,0.4286,0.5,0.0014,1,0.1175,,0.6575,0.6456,0.6279,0.6163,0.65,0.3878,0.1327,0.5,0.5306,1.0,0.4821,0.25,0.0097,5,0.1688,,0.7123,0.5949,0.6977,0.686,0.62,0.7755,0.6939,0.8469,0.7959,0.1667,0.4464,0.5,0.0031,9,0.1412,,0.6438,0.5316,0.6628,0.6512,0.32,0.3776,0.3776,0.3367,0.4286,0.0,0.375,0.25,0.0031,10,0.1025,,0.6575,0.7468,0.0,0.0,-1.0,0.7245,0.7245,0.0,0.0,0.3333,0.5536,0.4167,0.0043,7,0.1275,,-1.0,-1.0,-1.0,-1.0,-1.0,-1.0,-1.0,-1.0,-1.0,-1.0,-1.0,-1.0,-1.0,-1,-1.0,-1.0,-1.0,-1.0,-1.0,-1.0,-1.0,-1.0,-1.0,-1.0,-1.0,-1.0,-1.0,-1.0,-1.0,-1,-1.0,-1.0,-1.0,-1.0,-1.0,-1.0,-1.0,-1.0,-1.0,-1.0,-1.0,-1.0,-1.0,-1.0,-1.0,-1,-1.0,-1.0,-1.0,-1.0,-1.0,-1.0,-1.0,-1.0,-1.0,-1.0,-1.0,-1.0,-1.0,-1.0,-1.0,-1,-1.0,-1.0,-1.0,-1.0,-1.0,-1.0,-1.0,-1.0,-1.0,-1.0,-1.0,-1.0,-1.0,-1.0,-1.0,-1,-1.0,-1.0,-1.0,-1.0,-1.0,-1.0,-1.0,-1.0,-1.0,-1.0,-1.0,-1.0,-1.0,-1.0,-1.0,-1,-1.0,-1.0,-1.0,-1.0,-1.0,-1.0,-1.0,-1.0,-1.0,-1.0,-1.0,-1.0,-1.0,-1.0,-1.0,-1,-1.0,-1.0,-1.0,-1.0,-1.0,-1.0,-1.0,-1.0,-1.0,-1.0,-1.0,-1.0,-1.0,-1.0,-1.0,-1,-1.0,-1.0,-1.0,-1.0,-1.0,-1.0,-1.0,-1.0,-1.0,-1.0,-1.0,-1.0,-1.0,-1.0,-1.0,-1,-1.0,-1.0,09/01/2025 12:28:00,0.6072,0,11,0.8333,0.5,0,0,1,0,0,0,0.3273,1
0.8904,0.9241,0.7209,0.7209,0.67,0.7755,0.9286,0.6122,0.7959,0.0,0.5536,0.4167,0.0009,4,0.1475,,-1,0.8904,0.9494,0.6395,0.6744,0.64,0.7143,0.4592,0.8469,0.8265,0.0,0.4643,0.75,0.0054,1,0.1125,,-1.0,-1.0,-1.0,-1.0,-1.0,-1.0,-1.0,-1.0,-1.0,-1.0,-1.0,-1.0,-1.0,-1,-1.0,-1.0,-1.0,-1.0,-1.0,-1.0,-1.0,-1.0,-1.0,-1.0,-1.0,-1.0,-1.0,-1.0,-1.0,-1,-1.0,-1.0,0.8904,0.8481,0.7791,0.814,-1.0,0.8061,0.7959,0.9592,0.6531,0.6667,0.5,0.4167,0.0004,3,0.1312,,0.9178,0.8987,0.593,0.2791,0.83,0.4184,0.1327,0.5816,0.551,0.1667,0.3214,0.1667,0.0061,2,0.1,,-1.0,-1.0,-1.0,-1.0,-1.0,-1.0,-1.0,-1.0,-1.0,-1.0,-1.0,-1.0,-1.0,-1,-1.0,-1.0,-1.0,-1.0,-1.0,-1.0,-1.0,-1.0,-1.0,-1.0,-1.0,-1.0,-1.0,-1.0,-1.0,-1,-1.0,-1.0,-1.0,-1.0,-1.0,-1.0,-1.0,-1.0,-1.0,-1.0,-1.0,-1.0,-1.0,-1.0,-1.0,-1,-1.0,-1.0,-1.0,-1.0,-1.0,-1.0,-1.0,-1.0,-1.0,-1.0,-1.0,-1.0,-1.0,-1.0,-1.0,-1,-1.0,-1.0,-1.0,-1.0,-1.0,-1.0,-1.0,-1.0,-1.0,-1.0,-1.0,-1.0,-1.0,-1.0,-1.0,-1,-1.0,-1.0,-1.0,-1.0,-1.0,-1.0,-1.0,-1.0,-1.0,-1.0,-1.0,-1.0,-1.0,-1.0,-1.0,-1,-1.0,-1.0,-1.0,-1.0,-1.0,-1.0,-1.0,-1.0,-1.0,-1.0,-1.0,-1.0,-1.0,-1.0,-1.0,-1,-1.0,-1.0,-1.0,-1.0,-1.0,-1.0,-1.0,-1.0,-1.0,-1.0,-1.0,-1.0,-1.0,-1.0,-1.0,-1,-1.0,-1.0,-1.0,-1.0,-1.0,-1.0,-1.0,-1.0,-1.0,-1.0,-1.0,-1.0,-1.0,-1.0,-1.0,-1,-1.0,-1.0,-1.0,-1.0,-1.0,-1.0,-1.0,-1.0,-1.0,-1.0,-1.0,-1.0,-1.0,-1.0,-1.0,-1,-1.0,-1.0,-1.0,-1.0,-1.0,-1.0,-1.0,-1.0,-1.0,-1.0,-1.0,-1.0,-1.0,-1.0,-1.0,-1,-1.0,-1.0,-1.0,-1.0,-1.0,-1.0,-1.0,-1.0,-1.0,-1.0,-1.0,-1.0,-1.0,-1.0,-1.0,-1,-1.0,-1.0,-1.0,-1.0,-1.0,-1.0,-1.0,-1.0,-1.0,-1.0,-1.0,-1.0,-1.0,-1.0,-1.0,-1,-1.0,-1.0,-1.0,-1.0,-1.0,-1.0,-1.0,-1.0,-1.0,-1.0,-1.0,-1.0,-1.0,-1.0,-1.0,-1,-1.0,-1.0,09/01/2025 12:58:00,0.1756,0,4,0.6667,0.5,0,0,1,0,0,0,0.25,1
0.7534,0.557,0.6163,0.6395,1.0,0.7041,0.7755,0.4082,0.9388,0.3333,0.4464,0.0833,0.0054,7,0.1262,,-1,0.8904,0.7215,0.6628,0.7442,-1.0,0.8163,0.9286,0.9592,0.5714,0.6667,0.4286,0.0833,0.0018,8,0.1062,,0.6712,0.9494,0.0,0.0,-1.0,0.0,0.0,0.0,0.0,0.6667,0.4286,0.0833,0.0352,6,0.145,,0.8904,0.7468,0.0,0.0,-1.0,0.0,0.0,0.0,0.0,0.5,0.4821,0.0833,0.0271,4,0.1238,,0.6438,0.6962,0.686,0.686,-1.0,0.8673,0.7551,0.8878,0.949,0.6667,0.5,0.0833,0.0018,2,0.1562,,0.8356,0.6709,0.6512,0.6395,-1.0,0.5204,0.5,0.5408,0.0,0.3333,0.3929,0.0833,0.0018,3,0.1638,,0.6986,0.6582,0.593,0.593,-1.0,0.7959,0.7959,0.0,0.0,0.5,0.4464,0.0833,0.0108,5,0.1275,,0.6164,0.8101,0.593,0.6977,-1.0,0.8469,0.9184,0.7755,0.0,0.0,0.5179,0.0833,0.002,9,0.1125,,0.5753,0.9367,0.6163,0.593,-1.0,0.7347,0.5102,0.9592,0.0,0.1667,0.375,0.0833,0.002,1,0.1212,,-1.0,-1.0,-1.0,-1.0,-1.0,-1.0,-1.0,-1.0,-1.0,-1.0,-1.0,-1.0,-1.0,-1,-1.0,-1.0,-1.0,-1.0,-1.0,-1.0,-1.0,-1.0,-1.0,-1.0,-1.0,-1.0,-1.0,-1.0,-1.0,-1,-1.0,-1.0,-1.0,-1.0,-1.0,-1.0,-1.0,-1.0,-1.0,-1.0,-1.0,-1.0,-1.0,-1.0,-1.0,-1,-1.0,-1.0,-1.0,-1.0,-1.0,-1.0,-1.0,-1.0,-1.0,-1.0,-1.0,-1.0,-1.0,-1.0,-1.0,-1,-1.0,-1.0,-1.0,-1.0,-1.0,-1.0,-1.0,-1.0,-1.0,-1.0,-1.0,-1.0,-1.0,-1.0,-1.0,-1,-1.0,-1.0,-1.0,-1.0,-1.0,-1.0,-1.0,-1.0,-1.0,-1.0,-1.0,-1.0,-1.0,-1.0,-1.0,-1,-1.0,-1.0,-1.0,-1.0,-1.0,-1.0,-1.0,-1.0,-1.0,-1.0,-1.0,-1.0,-1.0,-1.0,-1.0,-1,-1.0,-1.0,-1.0,-1.0,-1.0,-1.0,-1.0,-1.0,-1.0,-1.0,-1.0,-1.0,-1.0,-1.0,-1.0,-1,-1.0,-1.0,-1.0,-1.0,-1.0,-1.0,-1.0,-1.0,-1.0,-1.0,-1.0,-1.0,-1.0,-1.0,-1.0,-1,-1.0,-1.0,-1.0,-1.0,-1.0,-1.0,-1.0,-1.0,-1.0,-1.0,-1.0,-1.0,-1.0,-1.0,-1.0,-1,-1.0,-1.0,-1.0,-1.0,-1.0,-1.0,-1.0,-1.0,-1.0,-1.0,-1.0,-1.0,-1.0,-1.0,-1.0,-1,-1.0,-1.0,09/01/2025 13:58:00,0.0892,0,9,0.5,0.5,0,0,1,0,0,0,0.5111,1
0.7945,0.8987,0.7558,0.7558,-1.0,0.8776,0.8673,0.8367,0.9286,0.0,0.4286,0.1667,0.0142,2,0.105,,-1,0.7945,1.0,0.8023,0.8256,-1.0,0.7653,0.898,0.7755,0.6122,0.3333,0.4286,0.4167,0.0022,4,0.1375,,0.6849,0.7089,0.7791,0.6977,0.53,0.5816,0.4082,0.5918,0.7347,0.3333,0.3929,0.25,0.0111,1,0.1312,,1.0,0.8228,0.7209,0.7442,0.75,0.7245,0.9184,0.4592,0.7959,0.0,0.4107,0.5,0.0014,6,0.1625,,0.8904,0.8101,0.7326,0.7326,0.2,0.6735,0.5306,0.8878,0.6122,0.0,0.4643,0.6667,0.0034,5,0.1262,,0.8219,0.8101,0.7907,0.814,-1.0,0.8265,0.898,0.898,0.6837,0.0,0.5,0.25,0.0018,3,0.1162,,-1.0,-1.0,-1.0,-1.0,-1.0,-1.0,-1.0,-1.0,-1.0,-1.0,-1.0,-1.0,-1.0,-1,-1.0,-1.0,-1.0,-1.0,-1.0,-1.0,-1.0,-1.0,-1.0,-1.0,-1.0,-1.0,-1.0,-1.0,-1.0,-1,-1.0,-1.0,-1.0,-1.0,-1.0,-1.0,-1.0,-1.0,-1.0,-1.0,-1.0,-1.0,-1.0,-1.0,-1.0,-1,-1.0,-1.0,-1.0,-1.0,-1.0,-1.0,-1.0,-1.0,-1.0,-1.0,-1.0,-1.0,-1.0,-1.0,-1.0,-1,-1.0,-1.0,-1.0,-1.0,-1.0,-1.0,-1.0,-1.0,-1.0,-1.0,-1.0,-1.0,-1.0,-1.0,-1.0,-1,-1.0,-1.0,-1.0,-1.0,-1.0,-1.0,-1.0,-1.0,-1.0,-1.0,-1.0,-1.0,-1.0,-1.0,-1.0,-1,-1.0,-1.0,-1.0,-1.0,-1.0,-1.0,-1.0,-1.0,-1.0,-1.0,-1.0,-1.0,-1.0,-1.0,-1.0,-1,-1.0,-1.0,-1.0,-1.0,-1.0,-1.0,-1.0,-1.0,-1.0,-1.0,-1.0,-1.0,-1.0,-1.0,-1.0,-1,-1.0,-1.0,-1.0,-1.0,-1.0,-1.0,-1.0,-1.0,-1.0,-1.0,-1.0,-1.0,-1.0,-1.0,-1.0,-1,-1.0,-1.0,-1.0,-1.0,-1.0,-1.0,-1.0,-1.0,-1.0,-1.0,-1.0,-1.0,-1.0,-1.0,-1.0,-1,-1.0,-1.0,-1.0,-1.0,-1.0,-1.0,-1.0,-1.0,-1.0,-1.0,-1.0,-1.0,-1.0,-1.0,-1.0,-1,-1.0,-1.0,-1.0,-1.0,-1.0,-1.0,-1.0,-1.0,-1.0,-1.0,-1.0,-1.0,-1.0,-1.0,-1.0,-1,-1.0,-1.0,-1.0,-1.0,-1.0,-1.0,-1.0,-1.0,-1.0,-1.0,-1.0,-1.0,-1.0,-1.0,-1.0,-1,-1.0,-1.0,-1.0,-1.0,-1.0,-1.0,-1.0,-1.0,-1.0,-1.0,-1.0,-1.0,-1.0,-1.0,-1.0,-1,-1.0,-1.0,09/01/2025 14:32:00,0.262,0,6,0.5,0.5,0,0,1,0,0,0,0.1333,1
0.6986,0.6835,0.6744,0.686,0.55,0.4082,0.6122,0.4898,0.1327,0.0,0.3036,0.5833,0.0031,8,0.125,,-1,0.6986,0.7848,0.7209,0.7209,0.39,0.7143,0.7245,0.9286,0.5,0.1667,0.4643,0.1667,0.0065,7,0.1412,,0.7123,0.8734,0.6395,0.5698,0.69,0.4388,0.2857,0.4592,0.5816,0.1667,0.4286,0.25,0.0472,2,0.1262,,0.9315,0.7468,0.7674,0.7674,0.52,0.8571,0.8469,0.8776,0.8469,0.1667,0.4643,0.3333,0.0011,3,0.1262,,0.863,0.8987,0.6512,0.6512,-1.0,0.5918,0.9286,0.4082,0.4388,0.3333,0.3929,0.4167,0.0007,4,0.165,,0.7671,0.7089,0.7326,0.6628,0.58,0.5204,0.4286,0.6633,0.4694,0.5,0.4286,0.3333,0.0065,1,0.1162,,0.8904,0.8987,0.6977,0.6977,0.6,0.7551,0.7245,0.949,0.5816,0.5,0.4464,0.25,0.0036,5,0.1412,,0.6986,0.6329,0.686,0.686,-1.0,0.5306,0.7143,0.5918,0.2755,0.5,0.5,0.1667,0.0323,6,0.1362,,-1.0,-1.0,-1.0,-1.0,-1.0,-1.0,-1.0,-1.0,-1.0,-1.0,-1.0,-1.0,-1.0,-1,-1.0,-1.0,-1.0,-1.0,-1.0,-1.0,-1.0,-1.0,-1.0,-1.0,-1.0,-1.0,-1.0,-1.0,-1.0,-1,-1.0,-1.0,-1.0,-1.0,-1.0,-1.0,-1.0,-1.0,-1.0,-1.0,-1.0,-1.0,-1.0,-1.0,-1.0,-1,-1.0,-1.0,-1.0,-1.0,-1.0,-1.0,-1.0,-1.0,-1.0,-1.0,-1.0,-1.0,-1.0,-1.0,-1.0,-1,-1.0,-1.0,-1.0,-1.0,-1.0,-1.0,-1.0,-1.0,-1.0,-1.0,-1.0,-1.0,-1.0,-1.0,-1.0,-1,-1.0,-1.0,-1.0,-1.0,-1.0,-1.0,-1.0,-1.0,-1.0,-1.0,-1.0,-1.0,-1.0,-1.0,-1.0,-1,-1.0,-1.0,-1.0,-1.0,-1.0,-1.0,-1.0,-1.0,-1.0,-1.0,-1.0,-1.0,-1.0,-1.0,-1.0,-1,-1.0,-1.0,-1.0,-1.0,-1.0,-1.0,-1.0,-1.0,-1.0,-1.0,-1.0,-1.0,-1.0,-1.0,-1.0,-1,-1.0,-1.0,-1.0,-1.0,-1.0,-1.0,-1.0,-1.0,-1.0,-1.0,-1.0,-1.0,-1.0,-1.0,-1.0,-1,-1.0,-1.0,-1.0,-1.0,-1.0,-1.0,-1.0,-1.0,-1.0,-1.0,-1.0,-1.0,-1.0,-1.0,-1.0,-1,-1.0,-1.0,-1.0,-1.0,-1.0,-1.0,-1.0,-1.0,-1.0,-1.0,-1.0,-1.0,-1.0,-1.0,-1.0,-1,-1.0,-1.0,-1.0,-1.0,-1.0,-1.0,-1.0,-1.0,-1.0,-1.0,-1.0,-1.0,-1.0,-1.0,-1.0,-1,-1.0,-1.0,09/01/2025 15:07:00,0.4344,0,8,0.8333,0.5,0,0,1,0,0,0,0.35,1
0.863,0.7722,0.7093,0.6279,0.51,0.5306,0.5306,0.398,0.6531,0.8333,0.2857,0.1667,0.0007,5,0.1412,,-1,0.7671,0.8734,0.7674,0.7674,0.62,0.7449,0.7959,0.8163,0.6122,0.6667,0.4821,0.25,0.0016,1,0.1162,,0.8356,0.6203,0.7209,0.6512,0.64,0.6327,0.1327,0.9184,0.8571,0.3333,0.4643,0.25,0.0002,7,0.1412,,0.7808,0.9241,0.6279,0.686,-1.0,0.5918,0.949,0.1327,0.6939,0.1667,0.4286,0.1667,0.0034,3,0.1262,,0.863,0.7595,0.3372,0.3372,0.65,0.4286,0.4694,0.2857,0.5408,0.1667,0.5,0.5,0.0605,4,0.165,,0.6438,0.9747,0.7209,0.7674,-1.0,0.7041,0.8776,0.949,0.2959,0.0,0.4821,0.25,0.0016,6,0.1362,,0.6027,0.7468,0.6163,0.6977,-1.0,0.6122,0.8163,0.5816,0.4286,0.1667,0.4464,0.25,0.0099,2,0.1262,,0.7945,0.6076,0.593,0.6279,0.48,0.3163,0.4694,0.3571,0.1327,0.1667,0.3393,0.3333,0.0031,8,0.125,,-1.0,-1.0,-1.0,-1.0,-1.0,-1.0,-1.0,-1.0,-1.0,-1.0,-1.0,-1.0,-1.0,-1,-1.0,-1.0,-1.0,-1.0,-1.0,-1.0,-1.0,-1.0,-1.0,-1.0,-1.0,-1.0,-1.0,-1.0,-1.0,-1,-1.0,-1.0,-1.0,-1.0,-1.0,-1.0,-1.0,-1.0,-1.0,-1.0,-1.0,-1.0,-1.0,-1.0,-1.0,-1,-1.0,-1.0,-1.0,-1.0,-1.0,-1.0,-1.0,-1.0,-1.0,-1.0,-1.0,-1.0,-1.0,-1.0,-1.0,-1,-1.0,-1.0,-1.0,-1.0,-1.0,-1.0,-1.0,-1.0,-1.0,-1.0,-1.0,-1.0,-1.0,-1.0,-1.0,-1,-1.0,-1.0,-1.0,-1.0,-1.0,-1.0,-1.0,-1.0,-1.0,-1.0,-1.0,-1.0,-1.0,-1.0,-1.0,-1,-1.0,-1.0,-1.0,-1.0,-1.0,-1.0,-1.0,-1.0,-1.0,-1.0,-1.0,-1.0,-1.0,-1.0,-1.0,-1,-1.0,-1.0,-1.0,-1.0,-1.0,-1.0,-1.0,-1.0,-1.0,-1.0,-1.0,-1.0,-1.0,-1.0,-1.0,-1,-1.0,-1.0,-1.0,-1.0,-1.0,-1.0,-1.0,-1.0,-1.0,-1.0,-1.0,-1.0,-1.0,-1.0,-1.0,-1,-1.0,-1.0,-1.0,-1.0,-1.0,-1.0,-1.0,-1.0,-1.0,-1.0,-1.0,-1.0,-1.0,-1.0,-1.0,-1,-1.0,-1.0,-1.0,-1.0,-1.0,-1.0,-1.0,-1.0,-1.0,-1.0,-1.0,-1.0,-1.0,-1.0,-1.0,-1,-1.0,-1.0,-1.0,-1.0,-1.0,-1.0,-1.0,-1.0,-1.0,-1.0,-1.0,-1.0,-1.0,-1.0,-1.0,-1,-1.0,-1.0,09/01/2025 15:39:00,0.4344,0,8,0.8333,0.5,0,0,1,0,0,0,0.375,1
0.5616,0.8608,0.6279,0.6279,0.73,0.5204,0.3776,0.3776,0.7959,0.0,0.4464,0.6667,0.0034,2,0.1638,,-1,0.7123,0.4937,0.6512,0.6512,-1.0,0.7449,0.949,0.3571,0.9388,0.0,0.5536,0.1667,0.0009,12,0.1062,,0.4247,0.481,0.6628,0.6512,-1.0,0.4286,0.4592,0.5102,0.3265,0.1667,0.3929,0.75,0.0016,10,0.1312,,0.9041,0.8228,0.5116,0.5116,0.34,0.2653,0.1327,0.1327,0.5408,0.1667,0.3929,0.25,0.0016,8,0.0838,,0.4795,0.6582,0.6512,0.6163,0.61,0.6327,0.2857,0.7959,0.8265,0.0,0.4821,0.25,0.0095,7,0.1375,,0.7397,0.4557,0.5,0.5,-1.0,0.3061,0.3571,0.2755,0.2755,0.0,0.3929,0.1667,0.0009,5,0.1138,,0.7671,0.5316,0.6047,0.6047,0.46,0.3469,0.2857,0.1327,0.6122,0.0,0.3929,0.1667,0.0036,6,0.11,,0.7534,0.8354,0.7326,0.7442,0.64,0.7245,0.5816,0.7449,0.8571,0.0,0.5,0.25,0.0031,3,0.1438,,0.6712,0.6835,0.6512,0.6977,0.54,0.4184,0.4286,0.6939,0.1327,0.8333,0.3929,0.1667,0.0031,1,0.1462,,0.6301,0.7089,0.5814,0.5814,0.08,0.2755,0.2653,0.2857,0.2755,0.0,0.4286,0.25,0.0036,11,0.1062,,0.5616,0.8354,0.6047,0.6628,-1.0,0.5,0.7143,0.2755,0.0,0.0,0.5,0.25,0.0047,9,0.14,,0.4521,0.8608,0.5814,0.5814,-1.0,0.3163,0.398,0.1327,0.4082,0.0,0.3929,0.3333,0.0047,4,0.1375,,-1.0,-1.0,-1.0,-1.0,-1.0,-1.0,-1.0,-1.0,-1.0,-1.0,-1.0,-1.0,-1.0,-1,-1.0,-1.0,-1.0,-1.0,-1.0,-1.0,-1.0,-1.0,-1.0,-1.0,-1.0,-1.0,-1.0,-1.0,-1.0,-1,-1.0,-1.0,-1.0,-1.0,-1.0,-1.0,-1.0,-1.0,-1.0,-1.0,-1.0,-1.0,-1.0,-1.0,-1.0,-1,-1.0,-1.0,-1.0,-1.0,-1.0,-1.0,-1.0,-1.0,-1.0,-1.0,-1.0,-1.0,-1.0,-1.0,-1.0,-1,-1.0,-1.0,-1.0,-1.0,-1.0,-1.0,-1.0,-1.0,-1.0,-1.0,-1.0,-1.0,-1.0,-1.0,-1.0,-1,-1.0,-1.0,-1.0,-1.0,-1.0,-1.0,-1.0,-1.0,-1.0,-1.0,-1.0,-1.0,-1.0,-1.0,-1.0,-1,-1.0,-1.0,-1.0,-1.0,-1.0,-1.0,-1.0,-1.0,-1.0,-1.0,-1.0,-1.0,-1.0,-1.0,-1.0,-1,-1.0,-1.0,-1.0,-1.0,-1.0,-1.0,-1.0,-1.0,-1.0,-1.0,-1.0,-1.0,-1.0,-1.0,-1.0,-1,-1.0,-1.0,09/01/2025 17:30:00,0.0888,0,12,0.8333,0.5,1,0,0,0,0,0,0.1167,1
0.8356,0.7468,0.7093,0.7209,-1.0,0.5816,0.6837,0.2959,0.7551,0.1667,0.5,0.25,0.0018,1,0.2438,,-1,0.6986,0.7342,0.6279,0.6279,-1.0,0.6939,0.7245,0.6633,0.6837,0.1667,0.4107,0.1667,0.0023,7,0.135,,0.6301,0.9367,0.5698,0.5814,0.63,0.3673,0.3367,0.4796,0.2857,0.3333,0.4464,0.4167,0.0038,5,0.1488,,0.589,0.6329,0.6395,0.6395,0.7,0.6429,0.5102,0.6531,0.7755,0.3333,0.5,0.25,0.0031,8,0.095,,0.4521,0.519,0.6628,0.6628,1.0,0.2857,0.5,0.2143,0.1327,0.0,0.4107,0.3333,0.0011,2,0.1225,,0.7671,0.4304,0.6744,0.6163,-1.0,0.6224,0.6633,0.4592,0.7551,0.3333,0.5,0.5,0.0032,9,0.0975,,0.9315,0.7468,0.6279,0.6279,1.0,0.8061,0.9388,0.9082,0.5816,0.1667,0.5,0.25,0.0036,3,0.1088,,0.7945,0.9114,0.7209,0.6163,0.32,0.6224,0.6122,0.5816,0.6837,0.5,0.375,0.25,0.0036,6,0.1088,,0.5479,0.5823,0.5465,0.6047,0.25,0.2653,0.5408,0.1327,0.1327,0.1667,0.3571,0.1667,0.0036,4,0.1088,,0.6301,0.557,0.6279,0.6279,0.45,0.3776,0.8571,0.1327,0.1327,0.1667,0.3571,0.3333,0.0036,11,0.0512,,0.5068,0.7595,0.6628,0.6279,0.5,0.6633,0.7755,0.5408,0.6633,0.1667,0.3214,0.1667,0.0036,10,0.1212,,-1.0,-1.0,-1.0,-1.0,-1.0,-1.0,-1.0,-1.0,-1.0,-1.0,-1.0,-1.0,-1.0,-1,-1.0,-1.0,-1.0,-1.0,-1.0,-1.0,-1.0,-1.0,-1.0,-1.0,-1.0,-1.0,-1.0,-1.0,-1.0,-1,-1.0,-1.0,-1.0,-1.0,-1.0,-1.0,-1.0,-1.0,-1.0,-1.0,-1.0,-1.0,-1.0,-1.0,-1.0,-1,-1.0,-1.0,-1.0,-1.0,-1.0,-1.0,-1.0,-1.0,-1.0,-1.0,-1.0,-1.0,-1.0,-1.0,-1.0,-1,-1.0,-1.0,-1.0,-1.0,-1.0,-1.0,-1.0,-1.0,-1.0,-1.0,-1.0,-1.0,-1.0,-1.0,-1.0,-1,-1.0,-1.0,-1.0,-1.0,-1.0,-1.0,-1.0,-1.0,-1.0,-1.0,-1.0,-1.0,-1.0,-1.0,-1.0,-1,-1.0,-1.0,-1.0,-1.0,-1.0,-1.0,-1.0,-1.0,-1.0,-1.0,-1.0,-1.0,-1.0,-1.0,-1.0,-1,-1.0,-1.0,-1.0,-1.0,-1.0,-1.0,-1.0,-1.0,-1.0,-1.0,-1.0,-1.0,-1.0,-1.0,-1.0,-1,-1.0,-1.0,-1.0,-1.0,-1.0,-1.0,-1.0,-1.0,-1.0,-1.0,-1.0,-1.0,-1.0,-1.0,-1.0,-1,-1.0,-1.0,09/01/2025 18:30:00,0.78,0,11,0.8333,0.5,1,0,0,0,0,0,0.2727,1
0.6849,0.8101,0.5581,0.5581,-1.0,0.5,0.5816,0.4592,0.4592,0.1667,0.4107,0.0833,0.0034,6,0.16,,-1,0.411,0.4937,0.5349,0.6279,-1.0,0.4694,0.5204,0.2755,0.602,0.3333,0.4643,0.0833,0.0045,3,0.1662,,0.6301,0.4684,0.6163,0.5465,-1.0,0.551,0.4286,0.4388,0.7959,0.3333,0.4821,0.0833,0.0034,7,0.0975,,0.4247,0.6456,0.5465,0.5465,-1.0,0.4286,0.4286,0.0,0.0,0.3333,0.3036,0.0833,0.0034,10,0.1125,,0.6301,0.4557,0.5814,0.5233,-1.0,0.4898,0.2755,0.4796,0.7245,0.1667,0.5,0.0833,0.0032,14,0.03,,0.6849,0.5696,0.5814,0.5814,0.67,0.6224,0.6531,0.6837,0.5306,0.3333,0.4107,0.0833,0.0034,9,0.1013,,0.5205,0.5949,0.4767,0.5465,-1.0,0.3878,0.2755,0.5408,0.3571,0.5,0.2143,0.0833,0.0034,5,0.1075,,0.3151,0.7722,0.5,0.4651,-1.0,0.2653,0.4592,0.2041,0.1327,0.6667,0.2679,0.0833,0.0059,12,0.0912,,0.6849,0.557,0.5349,0.5116,-1.0,0.5612,0.6122,0.6531,0.4286,0.0,0.2143,0.0833,0.0059,2,0.1575,,0.7397,0.7342,0.6395,0.6512,1.0,0.7653,0.8571,0.949,0.4898,0.6667,0.4821,0.0833,0.0135,11,0.1312,,0.5342,0.5316,0.6512,0.686,0.72,0.6531,0.5408,0.5816,0.8265,0.0,0.4643,0.0833,0.0023,4,0.1488,,0.6575,0.8987,0.6047,0.6047,-1.0,0.8673,0.8673,0.0,0.0,0.6667,0.4821,0.0833,0.0009,13,0.0562,,0.6712,0.5316,0.6047,0.6163,-1.0,0.5612,0.551,0.5714,0.0,0.1667,0.4821,0.0833,0.0052,1,0.1662,,0.6849,0.2785,0.0,0.0,-1.0,0.0,0.0,0.0,0.0,0.1667,0.5,0.0833,0.0273,8,0.1038,,-1.0,-1.0,-1.0,-1.0,-1.0,-1.0,-1.0,-1.0,-1.0,-1.0,-1.0,-1.0,-1.0,-1,-1.0,-1.0,-1.0,-1.0,-1.0,-1.0,-1.0,-1.0,-1.0,-1.0,-1.0,-1.0,-1.0,-1.0,-1.0,-1,-1.0,-1.0,-1.0,-1.0,-1.0,-1.0,-1.0,-1.0,-1.0,-1.0,-1.0,-1.0,-1.0,-1.0,-1.0,-1,-1.0,-1.0,-1.0,-1.0,-1.0,-1.0,-1.0,-1.0,-1.0,-1.0,-1.0,-1.0,-1.0,-1.0,-1.0,-1,-1.0,-1.0,-1.0,-1.0,-1.0,-1.0,-1.0,-1.0,-1.0,-1.0,-1.0,-1.0,-1.0,-1.0,-1.0,-1,-1.0,-1.0,-1.0,-1.0,-1.0,-1.0,-1.0,-1.0,-1.0,-1.0,-1.0,-1.0,-1.0,-1.0,-1.0,-1,-1.0,-1.0,09/01/2025 19:00:00,0.2616,0,14,0.8333,0.5,1,0,0,0,0,0,0.3857,1
0.9041,0.9494,0.6395,0.7093,0.61,0.4592,0.7449,0.2755,0.3571,0.0,0.5,0.5833,0.0038,5,0.1225,,-1,0.8219,0.8481,0.6279,0.6279,0.62,0.8061,0.6224,0.8776,0.9286,0.0,0.3393,0.1667,0.0022,3,0.1475,,0.863,0.8228,0.7674,0.7093,0.82,0.6633,0.5816,0.4796,0.9184,0.3333,0.5,0.25,0.0296,1,0.1512,,0.6712,0.8101,0.6744,0.686,0.91,0.6939,0.6122,0.5816,0.898,0.5,0.4821,0.1667,0.0038,2,0.1038,,0.8082,0.7468,0.7093,0.6977,0.59,0.7653,0.4592,0.898,0.949,0.0,0.4643,0.4167,0.0032,6,0.1325,,0.9315,0.8861,0.6977,0.7093,-1.0,0.5918,0.6939,0.3367,0.7449,0.3333,0.4821,0.1667,0.0196,4,0.14,,-1.0,-1.0,-1.0,-1.0,-1.0,-1.0,-1.0,-1.0,-1.0,-1.0,-1.0,-1.0,-1.0,-1,-1.0,-1.0,-1.0,-1.0,-1.0,-1.0,-1.0,-1.0,-1.0,-1.0,-1.0,-1.0,-1.0,-1.0,-1.0,-1,-1.0,-1.0,-1.0,-1.0,-1.0,-1.0,-1.0,-1.0,-1.0,-1.0,-1.0,-1.0,-1.0,-1.0,-1.0,-1,-1.0,-1.0,-1.0,-1.0,-1.0,-1.0,-1.0,-1.0,-1.0,-1.0,-1.0,-1.0,-1.0,-1.0,-1.0,-1,-1.0,-1.0,-1.0,-1.0,-1.0,-1.0,-1.0,-1.0,-1.0,-1.0,-1.0,-1.0,-1.0,-1.0,-1.0,-1,-1.0,-1.0,-1.0,-1.0,-1.0,-1.0,-1.0,-1.0,-1.0,-1.0,-1.0,-1.0,-1.0,-1.0,-1.0,-1,-1.0,-1.0,-1.0,-1.0,-1.0,-1.0,-1.0,-1.0,-1.0,-1.0,-1.0,-1.0,-1.0,-1.0,-1.0,-1,-1.0,-1.0,-1.0,-1.0,-1.0,-1.0,-1.0,-1.0,-1.0,-1.0,-1.0,-1.0,-1.0,-1.0,-1.0,-1,-1.0,-1.0,-1.0,-1.0,-1.0,-1.0,-1.0,-1.0,-1.0,-1.0,-1.0,-1.0,-1.0,-1.0,-1.0,-1,-1.0,-1.0,-1.0,-1.0,-1.0,-1.0,-1.0,-1.0,-1.0,-1.0,-1.0,-1.0,-1.0,-1.0,-1.0,-1,-1.0,-1.0,-1.0,-1.0,-1.0,-1.0,-1.0,-1.0,-1.0,-1.0,-1.0,-1.0,-1.0,-1.0,-1.0,-1,-1.0,-1.0,-1.0,-1.0,-1.0,-1.0,-1.0,-1.0,-1.0,-1.0,-1.0,-1.0,-1.0,-1.0,-1.0,-1,-1.0,-1.0,-1.0,-1.0,-1.0,-1.0,-1.0,-1.0,-1.0,-1.0,-1.0,-1.0,-1.0,-1.0,-1.0,-1,-1.0,-1.0,-1.0,-1.0,-1.0,-1.0,-1.0,-1.0,-1.0,-1.0,-1.0,-1.0,-1.0,-1.0,-1.0,-1,-1.0,-1.0,09/01/2025 19:30:00,0.1752,0,6,0.8333,0.5,1,0,0,0,0,0,0.2333,1
0.8767,0.8861,0.5814,0.5465,-1.0,0.7551,0.8367,0.7449,0.6837,0.1667,0.4643,0.1667,0.002,2,0.1575,,-1,0.8904,0.8101,0.5814,0.5814,0.83,0.6633,0.6122,0.7959,0.5816,0.0,0.4464,0.25,0.0063,6,0.16,,0.7534,0.7342,0.814,0.814,0.88,0.8776,0.8878,0.8571,0.0,0.1667,0.4643,0.1667,0.0048,1,0.145,,0.863,0.7975,0.7326,0.7326,0.57,0.6429,0.5714,0.5204,0.8367,0.0,0.4107,0.1667,0.0031,4,0.1288,,0.8904,0.8734,0.7093,0.4884,0.63,0.5816,0.3469,0.6122,0.7755,0.6667,0.4643,0.5,0.0036,3,0.1675,,0.726,0.9494,0.6628,0.7907,0.08,0.8061,0.949,0.7755,0.7041,0.5,0.4286,0.3333,0.0038,5,0.11,,-1.0,-1.0,-1.0,-1.0,-1.0,-1.0,-1.0,-1.0,-1.0,-1.0,-1.0,-1.0,-1.0,-1,-1.0,-1.0,-1.0,-1.0,-1.0,-1.0,-1.0,-1.0,-1.0,-1.0,-1.0,-1.0,-1.0,-1.0,-1.0,-1,-1.0,-1.0,-1.0,-1.0,-1.0,-1.0,-1.0,-1.0,-1.0,-1.0,-1.0,-1.0,-1.0,-1.0,-1.0,-1,-1.0,-1.0,-1.0,-1.0,-1.0,-1.0,-1.0,-1.0,-1.0,-1.0,-1.0,-1.0,-1.0,-1.0,-1.0,-1,-1.0,-1.0,-1.0,-1.0,-1.0,-1.0,-1.0,-1.0,-1.0,-1.0,-1.0,-1.0,-1.0,-1.0,-1.0,-1,-1.0,-1.0,-1.0,-1.0,-1.0,-1.0,-1.0,-1.0,-1.0,-1.0,-1.0,-1.0,-1.0,-1.0,-1.0,-1,-1.0,-1.0,-1.0,-1.0,-1.0,-1.0,-1.0,-1.0,-1.0,-1.0,-1.0,-1.0,-1.0,-1.0,-1.0,-1,-1.0,-1.0,-1.0,-1.0,-1.0,-1.0,-1.0,-1.0,-1.0,-1.0,-1.0,-1.0,-1.0,-1.0,-1.0,-1,-1.0,-1.0,-1.0,-1.0,-1.0,-1.0,-1.0,-1.0,-1.0,-1.0,-1.0,-1.0,-1.0,-1.0,-1.0,-1,-1.0,-1.0,-1.0,-1.0,-1.0,-1.0,-1.0,-1.0,-1.0,-1.0,-1.0,-1.0,-1.0,-1.0,-1.0,-1,-1.0,-1.0,-1.0,-1.0,-1.0,-1.0,-1.0,-1.0,-1.0,-1.0,-1.0,-1.0,-1.0,-1.0,-1.0,-1,-1.0,-1.0,-1.0,-1.0,-1.0,-1.0,-1.0,-1.0,-1.0,-1.0,-1.0,-1.0,-1.0,-1.0,-1.0,-1,-1.0,-1.0,-1.0,-1.0,-1.0,-1.0,-1.0,-1.0,-1.0,-1.0,-1.0,-1.0,-1.0,-1.0,-1.0,-1,-1.0,-1.0,-1.0,-1.0,-1.0,-1.0,-1.0,-1.0,-1.0,-1.0,-1.0,-1.0,-1.0,-1.0,-1.0,-1,-1.0,-1.0,09/01/2025 20:30:00,0.4344,0,6,0.6667,0.5,1,0,0,0,0,0,0.3,1
